Date,SPY,WFC,JPM
3262010,105.29,27.92,40.12
3292010,105.96,27.81,39.98
3302010,106.03,27.58,39.73
3312010,105.67,27.83,39.88
4012010,106.4,28.06,40.31
4052010,107.26,28.18,40.45
4062010,107.52,28.87,40.9
4072010,106.9,28.61,40.44
4082010,107.27,28.83,40.83
4092010,107.98,28.89,41.02
4122010,108.15,29,41.17
4132010,108.23,28.75,40.93
4142010,109.46,29.76,42.59
4152010,109.55,29.97,42.66
4162010,107.8,29.12,40.64
4192010,108.21,29.53,40.5
4202010,109.18,30.13,40.94
4212010,108.98,29.52,40.46
4222010,109.3,30.03,39.92
4232010,110.02,29.94,40.1
4262010,109.6,29.26,39.16
4272010,107.01,28.37,37.84
4282010,107.82,29.02,38.78
4292010,109.16,29.72,39.26
4302010,107.31,29.61,37.99
5032010,108.7,30.3,38.84
5042010,106.14,29.46,37.89
5052010,105.51,29.25,38.04
5062010,102.01,27.93,36.41
5072010,100.49,27.61,36.37
5102010,104.91,29.53,37.43
5112010,104.62,29.48,37.07
5122010,106.08,30.15,37.2
5132010,104.76,29.63,36.41
5142010,102.86,28.7,35.59
5172010,102.92,28.64,35.55
5182010,101.52,27.4,34.81
5192010,100.94,26.94,35.14
5202010,97.13,25.7,33.75
5212010,98.55,26.97,35.73
5242010,97.28,25.72,34.46
5252010,97.38,25.89,34.74
5262010,96.79,25.12,34.6
5272010,100.04,26.34,36.06
5282010,98.78,25.7,35.31
6012010,97.12,25.29,34.39
6022010,99.65,26.14,35.29
6032010,99.99,25.85,34.89
6042010,96.48,24.88,33.57
6072010,95.28,24.44,32.76
6082010,96.3,24.87,33.71
6092010,95.78,24.21,33.12
6102010,98.58,25.2,34.16
6112010,99.06,24.94,33.98
6142010,98.91,24.54,33.31
6152010,101.16,25,34.13
6162010,101.12,25.19,34.37
6172010,101.28,25.02,34.3
6182010,101.39,25.14,34.96
6212010,101.1,25.03,34.68
6222010,99.43,24.6,34.2
6232010,99.12,24.47,34.7
6242010,97.48,24.06,33.93
6252010,97.89,24.23,35.19
6282010,97.58,24.21,34.39
6292010,94.57,23.23,33.07
6302010,93.67,22.93,32.66
7012010,93.25,22.55,32.24
7022010,92.75,22.29,32.01
7062010,93.35,22.53,32.46
7072010,96.29,23.88,34.08
7082010,97.25,23.86,34.09
7092010,97.97,24.18,34.71
7122010,98.04,24.24,35.01
7132010,99.51,25.03,36.17
7142010,99.51,24.78,36.05
7152010,99.53,24.91,36.15
7162010,96.79,23.5,34.84
7192010,97.36,23.31,34.88
7202010,98.44,23.21,35.41
7212010,97.16,23.34,34.33
7222010,99.33,24.53,35.16
7232010,100.2,24.56,35.59
7262010,101.24,25,36.03
7272010,101.23,25.43,36.35
7282010,100.58,25.14,36.02
7292010,100.09,24.8,35.93
7302010,100.07,24.84,35.99
8022010,102.33,25.59,37.2
8032010,101.84,25.19,36.7
8042010,102.52,25.06,36.89
8052010,102.41,25.02,36.87
8062010,101.99,24.9,36.13
8092010,102.54,25.33,35.58
8102010,101.98,24.92,35
8112010,99.19,23.6,33.75
8122010,98.58,23.33,33.78
8132010,98.29,23.19,33.5
8162010,98.24,23.04,33.67
8172010,99.45,22.74,33.49
8182010,99.63,22.77,33.85
8192010,97.9,21.92,33.12
8202010,97.58,22.07,33.18
8232010,97.21,21.74,32.95
8242010,95.77,21.21,32.35
8252010,96.14,21.18,32.37
8262010,95.49,21.08,31.83
8272010,96.97,21.54,32.7
8302010,95.57,20.86,32.03
8312010,95.57,21.13,32.49
9012010,98.43,22.13,33.72
9022010,99.34,22.52,34.09
9032010,100.63,23.19,35
9072010,99.5,22.36,34.2
9082010,100.2,22.63,34.95
9092010,100.66,23.05,35.83
9102010,101.17,23.11,35.52
9132010,102.29,23.78,36.74
9142010,102.23,23.38,36.38
9152010,102.62,23.64,36.61
9162010,102.59,23.38,36.62
9172010,102.63,23.34,35.79
9202010,104.2,23.83,36.8
9212010,103.99,23.67,36.26
9222010,103.48,23.16,35.68
9232010,102.64,22.47,34.93
9242010,104.76,22.96,35.51
9272010,104.25,22.91,34.92
9282010,104.62,22.75,34.8
9292010,104.44,22.47,34.32
9302010,104.13,22.54,34
10012010,104.56,22.94,34.67
10042010,103.78,22.77,34.84
10052010,105.87,23.55,35.46
10062010,105.86,23.6,35.69
10072010,105.73,23.33,35.35
10082010,106.32,23.29,35.17
10112010,106.42,23.02,35.54
10122010,106.75,23.31,36.14
10132010,107.58,23.16,35.64
10142010,107.16,22.18,34.64
10152010,107.38,21.16,33.23
10182010,107.91,22.32,34.17
10192010,106.5,22.03,33.72
10202010,107.54,22.97,34.08
10212010,107.78,23.36,33.73
10222010,107.98,23.43,33.73
10252010,108.3,23.08,33.16
10262010,108.31,23.25,33.28
10272010,108,23.11,33.58
10282010,108.02,23.28,33.56
10292010,108.1,23.38,33.66
11012010,108.14,23.27,33.48
11022010,109,23.3,33.06
11032010,109.44,23.79,33.74
11042010,111.54,24.69,35.6
11052010,111.96,26.27,36.62
11082010,111.75,26.11,36.24
11092010,110.95,25.29,35.69
11102010,111.4,25.7,36.34
11112010,110.98,25.34,35.8
11122010,109.66,24.76,35.43
11152010,109.51,24.86,35.86
11162010,107.8,24.45,35.43
11172010,107.86,24.15,35.05
11182010,109.44,24.73,35.48
11192010,109.75,24.72,35.26
11222010,109.65,24.23,34.45
11232010,108.07,24.09,33.66
11242010,109.66,24.37,34.14
11262010,108.39,23.96,33.55
11292010,108.71,24.45,33.91
11302010,108.1,24.46,33.46
12012010,110.4,24.75,34.13
12022010,111.82,25.87,35.17
12032010,112.12,26.12,35.43
12062010,112,25.84,35.69
12072010,112.06,25.6,35.11
12082010,112.47,26.41,36.02
12092010,112.91,27.03,36.51
12102010,113.57,27.21,37.06
12132010,113.64,27.17,37.13
12142010,113.74,26.81,36.49
12152010,113.22,26.78,35.97
12162010,113.88,26.99,35.79
12172010,114,26.94,35.49
12202010,114.28,27.06,35.74
12212010,115,27.71,36.68
12222010,115.36,28.15,37.72
12232010,115.19,27.86,37.64
12272010,115.24,28.06,38.17
12282010,115.4,28.05,38.12
12292010,115.49,27.89,37.89
12302010,115.3,27.71,37.78
12312010,115.33,27.86,37.95
1032011,116.52,28.39,38.99
1042011,116.46,28.46,39.55
1052011,117.06,29.1,40.03
1062011,116.83,28.9,39.84
1072011,116.61,28.32,39.08
1102011,116.46,28.05,38.87
1112011,116.87,28.23,39.05
1122011,117.93,28.78,40.04
1132011,117.73,28.67,39.81
1142011,118.59,29.44,40.22
1182011,118.79,29.21,40.08
1192011,117.62,28.6,39.15
1202011,117.47,28.67,40.08
1212011,117.73,29.23,40.56
1242011,118.4,29.4,40.32
1252011,118.47,29.4,40.19
1262011,118.93,29.17,40.29
1272011,119.22,29.22,40.39
1282011,117.14,28.63,39.89
1312011,118.02,29.15,40.25
2012011,119.91,30.06,41.14
2022011,119.68,29.46,40.71
2032011,119.94,29.49,40.71
2042011,120.28,29.5,39.94
2072011,121.04,30,40.75
2082011,121.59,30.7,40.97
2092011,121.31,29.83,40.4
2102011,121.36,29.71,40.78
2112011,122.08,30.4,41.71
2142011,122.37,30.5,41.68
2152011,121.99,30.33,41.93
2162011,122.76,29.98,42.94
2172011,123.13,29.67,42.83
2182011,123.38,29.39,42.99
2222011,120.91,28.25,41.21
2232011,120.16,28.36,41.16
2242011,120.08,28.31,41.12
2252011,121.37,29.17,41.81
2282011,122.12,29.05,41.82
3012011,120.08,28.5,40.84
3022011,120.34,28.41,40.49
3032011,122.41,29.18,41.27
3042011,121.49,28.73,40.77
3072011,120.54,28.56,40.47
3082011,121.59,29.27,41.56
3092011,121.42,29.53,41.7
3102011,119.17,28.87,40.78
3112011,120,29.16,40.97
3142011,119.27,28.9,40.57
3152011,117.91,29.06,39.95
3162011,115.73,28.12,39.24
3172011,117.26,28.24,39.91
3182011,117.68,28.66,40.97
3212011,119.51,28.7,40.87
3222011,119.09,28.37,40.72
3232011,119.43,28.32,40.84
3242011,120.58,28.46,40.96
3252011,120.94,28.82,41.07
3282011,120.65,28.53,41.16
3292011,121.46,28.51,41.22
3302011,122.3,28.8,41.6
3312011,122.13,28.62,41.29
4012011,122.65,28.93,41.51
4042011,122.75,28.7,41.73
4052011,122.73,28.87,41.94
4062011,123.12,29.24,42.9
4072011,122.8,29.03,42.68
4082011,122.38,28.53,42.18
4112011,122.01,28.34,42.2
4122011,121.1,28.34,42
4132011,121.09,27.69,41.65
4142011,121.18,27.21,40.49
4152011,121.63,26.97,40.42
4182011,120.26,26.64,39.59
4192011,120.95,27.14,40.21
4202011,122.6,26.02,40.13
4212011,123.23,25.75,40.23
4252011,123.1,25.77,40.17
4262011,124.16,26.05,40.63
4272011,124.97,26.41,40.97
4282011,125.37,26.41,41.29
4292011,125.67,26.27,41.09
5022011,125.48,26.29,40.68
5032011,125.02,26.63,41.35
5042011,124.2,26.08,40.97
5052011,123.07,25.49,40.67
5062011,123.62,25.6,40.56
5092011,124.09,25.56,40.49
5102011,125.15,25.85,40.67
5112011,123.84,25.52,39.83
5122011,124.43,25.58,39.7
5132011,123.47,25.31,38.86
5162011,122.68,25.24,38.61
5172011,122.67,26.05,39.45
5182011,123.76,26.2,39.69
5192011,124.06,25.92,39.62
5202011,123.07,25.37,38.84
5232011,121.64,24.94,38.32
5242011,121.54,25.04,38.13
5252011,121.95,24.97,38.06
5262011,122.51,25.1,38.23
5272011,122.98,25.5,38.53
5312011,124.26,25.71,38.94
6012011,121.47,24.41,37.6
6022011,121.34,24.61,37.47
6032011,120.13,24.34,37.43
6062011,118.86,23.79,36.5
6072011,118.79,23.35,36.67
6082011,118.29,22.98,36.37
6092011,119.19,23.76,36.9
6102011,117.54,23.81,36.96
6132011,117.63,24.37,37.52
6142011,119.12,24.48,37.47
6152011,117,24.06,36.63
6162011,117.26,24.28,36.34
6172011,117.61,24.76,36.74
6202011,118.21,24.42,36.45
6212011,119.83,24.88,36.84
6222011,119.11,24.8,36.64
6232011,118.77,24.5,36.08
6242011,117.39,24.7,35.56
6272011,118.43,24.87,35.91
6282011,119.98,24.91,35.6
6292011,121.01,25.43,36.42
6302011,122.16,25.43,36.87
7012011,123.97,25.98,37.67
7052011,123.87,25.75,37.17
7062011,124.02,25.48,36.75
7072011,125.3,25.97,37.44
7082011,124.41,25.64,36.91
7112011,122.16,25,35.72
7122011,121.64,24.82,35.69
7132011,122.04,24.94,35.9
7142011,121.2,24.72,36.56
7152011,121.9,24.63,36.22
7182011,120.9,24.36,36.09
7192011,122.87,25.74,36.59
7202011,122.79,26,37.11
7212011,124.5,26.62,38.32
7222011,124.58,26.4,38.22
7252011,123.89,26.23,37.77
7262011,123.42,26.25,37.55
7272011,120.9,25.9,36.85
7282011,120.54,25.64,36.86
7292011,119.72,25.32,36.65
8012011,119.21,25.31,36.64
8022011,116.17,24.63,36.1
8032011,116.79,24.85,36.15
8042011,111.32,23.43,34.36
8052011,111.16,22.94,34.07
8082011,103.92,20.87,30.86
8092011,108.75,22.55,32.98
8102011,103.95,20.82,31.14
8112011,108.61,22.11,33.24
8122011,109.34,21.96,32.53
8152011,111.66,22.77,33.41
8162011,110.7,22.34,32.64
8172011,110.78,22.64,33.13
8182011,106,21.59,31.88
8192011,104.27,21.26,31.12
8222011,104.35,20.83,30.27
8232011,107.79,21.79,31.51
8242011,109.31,22.23,32.46
8252011,107.64,22.53,32.36
8262011,109.2,22.38,32.81
8292011,112.34,23.14,34.1
8302011,112.64,23.12,33.58
8312011,113.14,23.75,34.03
9012011,111.95,22.96,32.89
9022011,109.09,22.02,31.38
9062011,108.3,21.77,30.3
9072011,111.35,22.72,31.55
9082011,110.19,22.21,30.36
9092011,107.31,21.41,29.06
9122011,108,21.93,29.37
9132011,108.99,22.17,29.44
9142011,110.5,22.47,29.72
9152011,112.41,22.93,30.63
9162011,113.07,22.71,30.29
9192011,111.95,22.14,29.44
9202011,111.82,22.45,29.22
9212011,108.52,21.58,27.49
9222011,105.01,21.09,26.52
9232011,105.65,21.56,26.81
9262011,108.16,22.56,28.68
9272011,109.37,22.72,28.6
9282011,107.14,22.25,27.61
9292011,107.98,22.74,28.44
9302011,105.28,21.95,27.29
10032011,102.29,21.1,25.96
10042011,104.53,22.03,27.66
10052011,106.47,22.3,28.19
10062011,108.39,23.09,29.59
10072011,107.67,22.33,28.06
10102011,111.27,23.78,29.52
10112011,111.38,23.71,29.52
10122011,112.36,24.53,30.34
10132011,112.13,23.77,28.88
10142011,114.05,24.27,29.15
10172011,111.87,22.22,28.37
10182011,114.06,23.54,30.04
10192011,112.71,22.92,29.48
10202011,113.2,23.44,30.28
10212011,115.35,23.95,30.55
10242011,116.77,24.14,31.6
10252011,114.5,23.25,30.61
10262011,115.66,23.44,31.24
10272011,119.69,24.64,33.84
10282011,119.66,24.65,33.53
10312011,116.78,23.58,31.77
11012011,113.52,22.54,29.9
11022011,115.37,23.17,30.75
11032011,117.47,23.6,31.42
11042011,116.76,23.23,31.05
11072011,117.48,23.25,31.29
11082011,118.99,24.26,32.01
11092011,114.6,22.85,29.74
11102011,115.68,22.94,29.92
11112011,117.85,23.46,30.42
11142011,116.74,22.96,29.75
11152011,117.32,23.13,29.89
11162011,115.45,22.81,28.76
11172011,113.62,22.56,27.87
11182011,113.5,22.58,27.99
11212011,111.34,22.11,27.34
11222011,110.9,21.89,26.88
11232011,108.46,21.23,25.94
11252011,108.25,21.5,26.03
11282011,111.39,22.09,26.65
11292011,111.7,22.02,26.1
11302011,116.3,23.65,28.31
12012011,116.28,23.45,27.84
12022011,116.18,23.84,29.55
12052011,117.45,24.45,30.63
12062011,117.48,24.37,30.37
12072011,117.92,24.74,31.08
12082011,115.33,23.95,29.45
12092011,117.29,24.61,30.33
12122011,115.58,24.04,29.28
12132011,114.5,23.59,28.6
12142011,113.28,23.65,28.8
12152011,113.69,23.42,29.03
12162011,113.85,23.76,29.15
12192011,112.64,23.15,28.06
12202011,116.05,24.24,29.44
12212011,116.27,24.59,29.54
12222011,117.3,24.92,30.57
12232011,118.35,25.42,30.68
12272011,118.44,25.25,30.19
12282011,116.89,24.79,29.84
12292011,118.1,25.39,30.55
12302011,117.52,25.2,30.39
1032012,119.39,26,31.97
1042012,119.58,26.12,32.17
1052012,119.89,26.54,32.85
1062012,119.59,26.47,32.55
1092012,119.88,26.8,32.5
1102012,120.92,26.9,33.19
1112012,120.98,27.09,33.75
1122012,121.27,27.08,33.92
1132012,120.64,27.08,33.07
1172012,121.11,27.28,32.14
1182012,122.45,27.66,33.64
1192012,123.1,27.57,34
1202012,123.56,27.93,34.39
1232012,123.24,28.28,34.67
1242012,123.1,27.93,34.67
1252012,124.13,27.62,34.61
1262012,123.49,26.57,34.51
1272012,123.43,27.07,34.25
1302012,123.01,26.75,34.07
1312012,122.97,26.71,34.34
2012012,124.04,27.45,34.61
2022012,124.24,27.46,34.57
2032012,125.98,28.13,35.24
2062012,125.9,27.73,35.11
2072012,126.22,27.79,34.86
2082012,126.59,28.13,35.26
2092012,126.75,28.08,34.85
2102012,125.81,27.79,34.62
2132012,126.75,28.12,35.26
2142012,126.59,27.94,34.91
2152012,126,27.71,34.43
2162012,127.4,27.89,34.98
2172012,127.73,28.55,35.41
2212012,127.79,28.43,35.4
2222012,127.38,28.09,35.05
2232012,127.94,28.15,35.43
2242012,128.22,27.71,35.24
2272012,128.43,28.5,35.96
2282012,128.81,28.81,36.1
2292012,128.3,28.73,36.12
3012012,128.97,28.96,37.16
3022012,128.57,28.72,37.4
3052012,128.05,28.44,37.19
3062012,126.18,27.65,36.2
3072012,127.06,27.93,36.78
3082012,128.32,28.84,37.23
3092012,128.82,29.07,37.77
3122012,128.83,28.94,37.32
3132012,131.15,30.61,39.94
3142012,131.01,30.64,40.12
3152012,131.77,31.29,41.15
3162012,131.95,31.12,41.03
3192012,132.47,31.45,41.43
3202012,132.08,31.52,41.78
3212012,131.87,31.24,41.54
3222012,130.92,30.73,41.1
3232012,131.34,30.88,41.57
3262012,133.18,31.67,42.5
3272012,132.77,31.31,42.24
3282012,132.11,31.75,42.59
3292012,131.88,31.26,42.04
3302012,132.43,31.44,42.33
4022012,133.4,31.78,42.47
4032012,132.85,31.76,42.09
4042012,131.54,31.2,41.15
4052012,131.47,31.07,41.09
4092012,129.99,30.78,40.67
4102012,127.81,30.32,39.81
4112012,128.85,30.96,40.78
4122012,130.53,31.33,41.55
4132012,128.98,30.25,40.04
4162012,128.89,30.53,40.15
4172012,130.8,31.02,40.68
4182012,130.36,30.92,40.11
4192012,129.52,30.5,40.05
4202012,129.74,30.39,39.58
4232012,128.65,30.11,39.7
4242012,129.14,30.46,40.1
4252012,130.91,30.72,39.99
4262012,131.82,31.17,40.58
4272012,132.04,31.1,40.16
4302012,131.55,30.78,39.82
5012012,132.36,31.4,40.58
5022012,131.97,31.12,40.03
5032012,130.96,30.95,39.85
5042012,128.85,30.62,38.69
5072012,128.94,31.05,38.71
5082012,128.42,30.73,38.34
5092012,127.66,30.25,37.66
5102012,127.93,30.77,37.75
5112012,127.54,30.88,34.25
5142012,126.13,30.04,33.16
5152012,125.4,29.89,33.58
5162012,124.92,29.64,32.86
5172012,123.07,29.15,31.44
5182012,122.02,28.68,31.03
5212012,124.12,29.11,30.12
5222012,124.33,29.36,31.51
5232012,124.4,29.42,31.75
5242012,124.64,29.49,31.48
5252012,124.24,29.53,31.04
5292012,125.74,29.9,31.16
5302012,123.92,29.39,30.54
5312012,123.65,29.71,30.72
6012012,120.53,27.96,29.59
6042012,120.48,27.86,28.72
6052012,121.39,28.29,29.64
6062012,124.12,28.71,30.64
6072012,124.19,28.9,30.4
6082012,125.18,29.14,31.21
6112012,123.59,28.73,30.41
6122012,125.01,29.02,31.29
6132012,124.21,29.27,31.78
6142012,125.53,29.69,32.11
6152012,126.81,30.08,32.46
6182012,127.06,30.09,32.08
6192012,128.29,30.55,32.78
6202012,128.08,30.42,33.77
6212012,125.2,29.98,32.9
6222012,126.17,30.42,33.35
6252012,124.14,29.87,32.73
6262012,124.77,29.97,33.09
6272012,125.89,30.34,34.08
6282012,125.53,30.11,33.25
6292012,128.66,31,33.11
7022012,129.05,31.1,33.62
7032012,129.9,31.04,33.52
7052012,129.32,30.71,32.12
7062012,128.09,30.64,31.67
7092012,127.93,30.83,31.73
7102012,126.81,30.56,32
7112012,126.83,30.84,32.32
7122012,126.22,30.45,31.8
7132012,128.33,31.43,33.7
7162012,128.03,31.54,32.79
7172012,128.91,31.63,32.69
7182012,129.86,31.48,32.66
7192012,130.2,31.66,32.2
7202012,129.01,31.34,31.67
7232012,127.71,31,32.18
7242012,126.61,30.8,32.45
7252012,126.64,30.74,32.86
7262012,128.73,31.31,33.46
7272012,131.1,31.66,34.47
7302012,131.1,31.48,33.77
7312012,130.19,31.34,33.64
8012012,130.07,31.43,33.64
8022012,129.17,30.91,32.86
8032012,131.74,31.83,33.72
8062012,131.99,31.52,33.92
8072012,132.65,31.48,34.58
8082012,132.81,31.56,34.72
8092012,132.93,31.56,34.49
8102012,133.14,31.57,34.54
8132012,133.08,31.69,34.56
8142012,133.1,31.69,34.66
8152012,133.25,31.7,34.64
8162012,134.23,31.85,34.66
8172012,134.41,31.75,34.55
8202012,134.42,31.79,34.92
8212012,134.01,32.08,35.54
8222012,134.07,31.89,35.35
8232012,132.97,31.65,34.78
8242012,133.78,31.76,34.73
8272012,133.81,31.74,34.78
8282012,133.67,31.82,34.69
8292012,133.78,31.79,34.85
8302012,132.81,31.6,34.48
8312012,133.45,31.75,34.7
9042012,133.32,31.54,34.58
9052012,133.21,31.49,34.67
9062012,135.91,32.51,36.15
9072012,136.44,32.66,36.72
9102012,135.67,32.27,36.21
9112012,136.05,31.86,37
9122012,136.5,32.03,37.3
9132012,138.58,33.17,38.68
9142012,139.19,33.71,38.84
9172012,138.72,32.96,38.48
9182012,138.61,33.07,38.55
9192012,138.68,32.89,38.62
9202012,138.69,32.84,38.54
9212012,138.64,32.63,38.19
9242012,138.43,32.75,38.52
9252012,136.95,32.4,37.89
9262012,136.18,32.12,37.6
9272012,137.47,32.43,38.01
9282012,136.83,32.22,37.82
10012012,137.19,32.38,38.28
10022012,137.33,32.49,38.23
10032012,137.89,33.07,38.46
10042012,138.88,33.56,39.36
10052012,138.89,33.44,39.26
10082012,138.42,33.4,39.21
10092012,137.05,32.75,38.95
10102012,136.17,32.87,39.31
10112012,136.25,32.82,39.63
10122012,135.8,31.96,39.17
10152012,136.93,31.63,39.89
10162012,138.32,31.47,40.31
10172012,138.95,32.16,40.77
10182012,138.59,32.26,40.48
10192012,136.28,32.04,39.83
10222012,136.3,32.19,39.62
10232012,134.41,31.6,38.9
10242012,134.03,31.46,39.26
10252012,134.42,31.78,39.22
10262012,134.34,31.7,38.74
10312012,134.34,31.43,39.23
11012012,135.75,31.78,40.32
11022012,134.54,31.48,39.93
11052012,134.82,31.74,39.79
11062012,135.87,32.02,40.36
11072012,132.79,30.9,38.1
11082012,131.19,30.38,38.03
11092012,131.31,30.38,38.23
11122012,131.41,30.4,38.19
11132012,130.96,30.07,37.69
11142012,129.19,29.51,36.98
11152012,128.97,29.65,37.07
11162012,129.61,29.99,37.21
11192012,132.23,30.43,38.2
11202012,132.29,30.91,38.31
11212012,132.53,30.6,38.34
11232012,134.34,31.18,38.67
11262012,134.05,30.9,38.48
11272012,133.37,30.64,38.35
11282012,134.44,30.81,38.43
11292012,135.07,31.14,38.8
11302012,135.1,31,38.67
12032012,134.44,30.75,38.41
12042012,134.24,30.75,38.19
12052012,134.48,30.97,38.78
12062012,134.94,31.12,39.03
12072012,135.35,31.21,40.06
12102012,135.4,31.04,39.82
12112012,136.33,31.26,40.13
12122012,136.39,31.46,40.26
12132012,135.56,31.23,40.27
12142012,135.05,31.13,40.29
12172012,136.64,32.29,40.92
12182012,138.16,32.83,41.29
12192012,137.13,32.51,40.97
12202012,137.92,32.92,41.91
12212012,136.67,32.38,41.41
12242012,136.25,32.32,41.34
12262012,135.68,32.24,41.38
12272012,135.49,32.1,41.07
12282012,134.03,31.84,40.7
12312012,136.31,32.1,41.39
1022013,139.8,32.91,42.32
1032013,139.49,32.64,42.24
1042013,140.1,32.81,42.99
1072013,139.71,32.65,43.03
1082013,139.31,32.6,43.12
1092013,139.67,32.6,43.09
1102013,140.78,33.24,43.74
1112013,140.77,32.96,43.73
1142013,140.67,32.65,43.48
1152013,140.77,32.97,43.93
1162013,140.75,32.95,44.37
1172013,141.66,32.9,44.01
1182013,141.97,32.8,44.03
1222013,142.74,32.91,44.11
1232013,142.97,32.82,43.81
1242013,143.01,33.02,43.94
1252013,143.81,33,44.69
1282013,143.64,32.97,44.2
1292013,144.2,33.12,44.65
1302013,143.64,33.07,44.66
1312013,143.29,32.94,44.59
2012013,144.76,33.23,45.35
2042013,143.13,32.88,45.19
2052013,144.58,32.96,46.24
2062013,144.68,33.07,46.07
2072013,144.49,32.78,45.71
2082013,145.3,32.99,46.09
2112013,145.27,33.35,46.11
2122013,145.51,33.58,46.57
2132013,145.63,33.23,46.13
2142013,145.76,33.3,46.64
2152013,145.59,33.25,46.32
2192013,146.68,33.23,46.86
2202013,144.85,33.2,46.07
2212013,143.97,33.54,45.73
2222013,145.38,33.88,46.35
2252013,142.62,32.9,45.2
2262013,143.59,32.87,45.11
2272013,145.4,33.23,46.7
2282013,145.11,33.18,46.36
3012013,145.59,33.47,46.35
3042013,146.37,33.91,46.53
3052013,147.68,33.93,46.9
3062013,147.88,34.1,47.41
3072013,148.15,34.45,47.98
3082013,148.78,34.52,47.57
3112013,149.34,35.12,47.84
3122013,149.01,34.67,47.65
3132013,149.22,34.78,47.54
3142013,150.01,34.97,48.33
3152013,149.82,36.13,47.4
3182013,148.99,35.71,46.92
3192013,148.64,35.46,46.63
3202013,149.68,35.41,46.55
3212013,148.4,35.13,45.82
3222013,149.59,35.18,46.23
3252013,148.97,35.19,45.98
3262013,150.16,35.28,46.1
3272013,150.16,34.97,45.27
3282013,150.62,34.98,44.98
4012013,150.03,34.93,45.33
4022013,150.77,34.88,45.75
4032013,149.24,34.68,44.68
4042013,149.84,35.39,45.29
4052013,149.17,35.14,45.69
4082013,150.18,35.01,46.33
4092013,150.7,35.42,46.42
4102013,152.55,35.53,46.97
4112013,153.05,35.48,47.02
4122013,152.67,35.19,46.74
4152013,149.13,34.59,45.71
4162013,151.33,35.05,46.24
4172013,149.12,34.58,44.62
4182013,148.19,34.3,44.48
4192013,149.48,34.7,45.04
4222013,150.14,34.74,45.15
4232013,151.69,35.12,45.94
4242013,151.79,35.32,46.46
4252013,152.4,35.6,46.73
4262013,152.13,35.83,46.61
4292013,153.15,35.83,46.65
4302013,153.52,35.92,46.74
5012013,152.17,35.43,45.78
5022013,153.58,35.38,45.85
5032013,155.14,35.69,45.36
5062013,155.54,35.84,45.94
5072013,156.32,36.32,46.86
5082013,157.04,36.65,47.45
5092013,156.59,36.12,46.76
5102013,157.1,36.25,46.69
5132013,157.23,36.41,47.37
5142013,158.85,36.95,47.9
5152013,159.71,37.46,48.72
5162013,158.96,37.42,48.61
5172013,160.5,38.01,49.87
5202013,160.49,38.32,49.86
5212013,160.72,38.78,50.56
5222013,159.53,38.22,51.14
5232013,159.06,38.14,50.88
5242013,158.93,38.36,51.17
5282013,159.88,38.62,52.07
5292013,158.84,38.84,52.13
5302013,159.43,39.32,53.04
5312013,157.14,38.65,52.06
6032013,158.01,38.82,51.96
6042013,157.25,38.55,51.53
6052013,155.05,37.96,50.57
6062013,156.45,38.82,51.02
6072013,158.44,39.32,51.75
6102013,158.44,39.34,51.84
6112013,156.81,38.76,51.01
6122013,155.51,38.39,50.71
6132013,157.87,39.02,51.66
6142013,156.88,38.28,50.67
6172013,158.09,38.71,51.35
6182013,159.34,38.93,51.6
6192013,157.14,38.76,51.07
6202013,153.25,38.21,50.05
6212013,153.74,39.04,49.55
6242013,151.8,37.94,48.56
6252013,153.26,38.41,49.66
6262013,154.77,39.1,50.06
6272013,155.68,39.62,50.68
6282013,155.04,39.34,50.34
7012013,155.95,39.43,50.05
7022013,155.81,39.29,50.72
7032013,155.88,39.29,50.69
7052013,157.56,40.1,51.86
7082013,158.46,40.83,52.54
7092013,159.6,40.7,52.73
7102013,159.65,40.1,52.67
7112013,161.83,39.93,52.97
7122013,161.9,40.64,52.8
7152013,162.52,41.32,52.73
7162013,161.91,41.01,52.84
7172013,162.32,41.47,53.09
7182013,163.21,42.33,54.15
7192013,163.5,42.37,53.95
7222013,163.82,42.54,54.33
7232013,163.47,42.49,54.44
7242013,162.87,42.24,54.4
7252013,163.27,41.61,54.27
7262013,163.44,41.47,53.84
7292013,162.94,41.23,53.49
7302013,162.94,41.24,53.15
7312013,163.06,41.47,53.53
8012013,164.94,42.19,54.31
8022013,165.22,42.41,54.26
8052013,164.98,42.27,53.89
8062013,164.04,41.97,53.3
8072013,163.51,41.53,53.12
8082013,164.11,41.48,52.67
8092013,163.64,41.49,52.37
8122013,163.44,41.46,51.96
8132013,163.93,41.58,52.15
8142013,163.09,41.37,52.01
8152013,160.8,41.26,51.19
8162013,160.27,41.03,51.19
8192013,159.25,40.78,49.79
8202013,160.03,40.88,50.06
8212013,159.05,40.66,49.59
8222013,160.5,40.77,50.15
8232013,161.04,41.04,50.26
8262013,160.44,40.68,49.76
8272013,157.86,39.46,48.6
8282013,158.42,39.59,48.59
8292013,158.67,39.59,48.7
8302013,158.17,39.43,48.54
9032013,158.88,39.72,49.11
9042013,160.2,39.83,49.82
9052013,160.4,40.14,50.05
9062013,160.48,39.76,50.49
9092013,162.01,40.04,50.78
9102013,163.21,40.74,51.55
9112013,163.72,40.79,51.16
9122013,163.29,40.56,50.18
9132013,163.66,40.49,50.52
9162013,164.6,41.16,51.04
9172013,165.34,41.13,51
9182013,167.25,41.57,51.3
9192013,166.97,41.23,50.67
9202013,165.8,41.13,50.72
9232013,165.04,40.61,49.43
9242013,164.65,40.05,48.34
9252013,164.17,40.13,49.66
9262013,164.8,39.94,49.84
9272013,164.05,39.92,50.18
9302013,163.17,39.66,49.65
10012013,164.46,39.82,49.91
10022013,164.31,39.6,50.4
10032013,162.79,39.35,50.26
10042013,164.03,39.64,50.97
10072013,162.61,38.99,50.15
10082013,160.71,38.62,49.22
10092013,160.83,38.74,49.11
10102013,164.3,39.77,50.82
10112013,165.36,39.76,50.81
10142013,166.02,40.07,51
10152013,164.81,39.87,50.62
10162013,167.11,40.51,52.25
10172013,168.23,40.96,52.46
10182013,169.37,40.96,52.54
10212013,169.38,40.9,52.51
10222013,170.36,41.21,51.88
10232013,169.54,41.04,51.04
10242013,170.11,40.97,50.78
10252013,170.88,41.14,51.06
10282013,171.16,41.11,50.98
10292013,172.07,41.23,51.02
10302013,171.21,41.37,50.9
10312013,170.73,40.97,49.87
11012013,171.14,40.95,50.81
11042013,171.74,40.98,50.36
11052013,171.19,40.91,50.27
11062013,172.07,41.02,50.41
11072013,169.89,40.32,49.98
11082013,172.18,41.28,52.21
11112013,172.21,41.32,52.35
11122013,171.86,40.87,52.22
11132013,173.24,41.33,52.39
11142013,174.11,41.65,52.64
11152013,174.87,42.08,53.09
11182013,174.25,41.96,53.94
11192013,173.87,42.1,54.33
11202013,173.33,42.16,54.28
11212013,174.73,42.61,55.37
11222013,175.6,42.88,55.6
11252013,175.43,42.99,55.78
11262013,175.48,42.83,55.32
11272013,175.9,42.79,55.62
11292013,175.79,42.55,55.37
12022013,175.33,42.7,55.14
12032013,174.57,42.27,55.02
12042013,174.55,42.29,55.34
12052013,173.79,41.8,54.01
12062013,175.73,42.64,54.25
12092013,176.18,42.84,54.68
12102013,175.54,42.64,54.87
12112013,173.57,42.06,54.26
12122013,173,42.05,54.49
12132013,172.98,42.27,54.35
12162013,174.06,42.51,54.59
12172013,173.51,42.13,53.92
12182013,176.47,43.43,55.39
12192013,176.26,43.51,55.38
12202013,177.29,43.46,55.83
12232013,178.24,43.7,56.36
12242013,178.63,43.87,56.37
12262013,179.53,44.02,56.32
12272013,179.53,43.98,56.26
12302013,179.5,43.98,56.07
12312013,180.35,43.88,56.59
1022014,178.62,43.51,56.69
1032014,178.59,43.82,57.13
1062014,178.07,43.9,57.46
1072014,179.16,43.88,56.8
1082014,179.2,44.38,57.34
1092014,179.32,44.62,57.23
1102014,179.81,44.4,56.97
1132014,177.42,44.04,56.2
1142014,179.35,44.07,56.24
1152014,180.32,44.85,57.94
1162014,180.08,44.84,57.45
1172014,179.32,44.84,56.6
1212014,179.85,44.95,56.66
1222014,179.96,45.11,56.09
1232014,178.49,44.8,55
1242014,174.68,43.96,53.66
1272014,173.82,44.01,53.66
1282014,174.86,44.42,54.29
1292014,173.18,44.07,54.08
1302014,175.01,44.51,54.54
1312014,173.99,43.82,53.92
2032014,170.07,42.94,52.9
2042014,171.26,43.27,53.52
2052014,171.05,43.04,53.77
2062014,173.3,43.57,55.01
2072014,175.45,44.15,55.15
2102014,175.78,44.29,55.26
2112014,177.7,44.73,55.94
2122014,177.79,44.75,56.02
2132014,178.7,44.74,56.52
2142014,179.69,44.89,56.64
2182014,179.91,44.89,56.97
2192014,178.71,44.3,55.77
2202014,179.77,44.4,56.08
2212014,179.56,44.37,56.11
2242014,180.56,44.84,56.52
2252014,180.49,44.84,55.55
2262014,180.5,44.81,55.27
2272014,181.45,44.81,55.21
2282014,181.91,45.17,55.34
3032014,180.63,44.91,54.75
3042014,183.17,45.48,55.77
3052014,183.33,45.82,56.65
3062014,183.75,46.07,57.37
3072014,183.83,46.66,57.85
3102014,183.73,46.85,57.66
3112014,182.83,46.52,56.68
3122014,182.87,46.82,56.41
3132014,180.82,46.55,55.93
3142014,180.32,46.12,55.32
3172014,181.95,46.83,56.08
3182014,183.25,47.1,56.55
3192014,182.27,46.52,56.78
3202014,183.33,47.71,58.55
3212014,182.62,47.8,58.6
3242014,181.87,47.66,59.48
3252014,182.73,47.64,59.34
3262014,181.42,47.19,58.34
3272014,181.03,47.78,58.36
3282014,181.93,47.96,58.48
3312014,183.42,48.4,59.13
4012014,184.63,48.43,59.09
4022014,185.25,48.42,59.28
4032014,185.01,48.49,59.45
4042014,182.82,48.23,58.62
4072014,180.8,47.35,57.83
4082014,181.54,47.52,57.68
4092014,183.5,47.78,58.09
4102014,179.64,46.43,56.26
4112014,178.02,46.79,54.2
4142014,179.42,46.82,53.87
4152014,180.66,47.47,53.71
4162014,182.55,47.77,54.16
4172014,182.81,47.61,54.12
4212014,183.45,47.8,53.94
4222014,184.28,47.9,54.7
4232014,183.85,48.26,54.94
4242014,184.22,47.99,55.07
4252014,182.71,47.73,54.59
4282014,183.29,47.62,54.39
4292014,184.14,48.14,54.98
4302014,184.69,48.3,54.87
5012014,184.71,48.3,54.61
5022014,184.45,48.25,54.47
5052014,184.8,48.23,53.14
5062014,183.19,47.77,52.28
5072014,184.27,48.41,52.97
5082014,184.07,48.35,53.28
5092014,184.35,48.1,52.94
5122014,186.14,48.77,53.56
5132014,186.31,48.82,53.53
5142014,185.43,48.31,53.28
5152014,183.8,48.05,52.45
5162014,184.44,48.1,52.25
5192014,185.11,48.5,52.76
5202014,183.95,47.98,52.65
5212014,185.5,48.68,53.04
5222014,185.95,48.99,53.46
5232014,186.69,49.16,53.45
5272014,187.84,49.54,54.04
5282014,187.7,49.43,54.35
5292014,188.67,49.27,54.61
5302014,188.98,49.77,54.46
6022014,189.19,50.07,54.25
6032014,189.1,50.07,54.49
6042014,189.48,50.02,54.57
6052014,190.71,50.6,55.5
6062014,191.63,50.94,55.84
6092014,191.82,51.46,56.28
6102014,191.84,51.54,56.75
6112014,191.17,51.2,56.13
6122014,189.82,50.68,55.91
6132014,190.4,50.87,55.91
6162014,190.56,50.07,55.74
6172014,191.09,50.63,56.28
6182014,192.49,51,56.63
6192014,192.7,50.98,56.16
6202014,193.1,51.84,56.41
6232014,193.04,51.92,57.03
6242014,191.87,51.44,56.28
6252014,192.74,51.55,56.39
6262014,192.6,51.33,56.25
6272014,192.98,51.85,56.39
6302014,192.88,51.51,56.47
7012014,194.17,51.67,56.82
7022014,194.37,51.61,56.23
7032014,195.32,51.94,56.31
7072014,194.64,51.45,55.93
7082014,193.39,51.21,55.03
7092014,194.26,51.15,55.29
7102014,193.49,50.78,54.84
7112014,193.76,50.46,55.07
7142014,194.73,50.29,55.56
7152014,194.37,50.33,57.51
7162014,195.09,50.15,57.94
7172014,192.87,49.67,57.11
7182014,194.84,50.26,57.47
7212014,194.48,50.03,57.48
7222014,195.32,50.33,57.9
7232014,195.76,50.31,58.23
7242014,195.77,50.56,58.4
7252014,194.85,50.57,58.24
7282014,194.93,50.57,58.42
7292014,194.09,50.51,57.88
7302014,194.12,51.06,58.14
7312014,190.29,49.89,56.92
8012014,189.71,49.35,55.74
8042014,191.08,49.97,55.91
8052014,189.22,49.4,55.33
8062014,189.28,49.41,55.5
8072014,188.26,49.05,55.18
8082014,190.44,49.35,55.61
8112014,190.99,49.24,55.59
8122014,190.72,49.13,55.62
8132014,192.01,49.34,55.98
8142014,192.92,49.72,56.24
8152014,192.88,49.55,56.01
8182014,194.5,50.03,56.48
8192014,195.51,50.19,56.81
8202014,196.03,50.19,56.89
8212014,196.6,50.62,57.74
8222014,196.3,50.51,57.73
8252014,197.29,50.78,58.57
8262014,197.42,50.89,58.96
8272014,197.34,50.67,58.81
8282014,197.23,50.48,58.39
8292014,197.8,50.77,58.67
9022014,197.7,50.9,58.89
9032014,197.59,50.88,58.92
9042014,197.3,50.9,58.93
9052014,198.19,50.97,59.13
9082014,197.68,50.8,59.11
9092014,196.43,50.4,58.29
9102014,197.17,50.85,58.45
9112014,197.39,50.92,58.98
9122014,196.24,51.02,59.25
9152014,196.09,51.26,59.16
9162014,197.57,51.63,59.21
9172014,197.84,51.82,59.52
9182014,198.89,52.54,60.52
9192014,198.71,52.66,60.31
9222014,197.18,52.21,60.12
9232014,196.05,51.42,60.15
9242014,197.58,51.45,60.83
9252014,194.39,50.74,59.37
9262014,195.94,51.19,59.77
9292014,195.58,51.01,59.54
9302014,195.07,51.19,59.45
10012014,192.42,50.59,58.99
10022014,192.45,50.73,58.46
10032014,194.57,51.42,59.91
10062014,194.35,51.35,59.8
10072014,191.35,50.41,58.89
10082014,194.69,51.47,60.01
10092014,190.83,50.45,58.7
10102014,188.65,49.98,58.15
10132014,185.55,49.54,57.79
10142014,185.84,48.19,57.62
10152014,184.58,47.22,55.18
10162014,184.42,47.5,54.73
10172014,186.6,48.05,55.84
10202014,188.41,48.54,56.27
10212014,192.15,49.79,57.56
10222014,190.78,49.51,57.08
10232014,193,49.94,57.69
10242014,194.48,50.53,58.36
10272014,194.22,50.64,58.27
10282014,196.44,51.1,59.25
10292014,196.15,51.49,58.91
10302014,197.4,51.77,59.01
10312014,199.66,52.4,60.09
11032014,199.77,52.67,60.49
11042014,199.08,52.57,59.86
11052014,200.34,53.18,60.76
11062014,201.14,53.71,60.84
11072014,201.33,53.49,61.08
11102014,201.96,53.48,61.53
11112014,202.16,53.23,60.98
11122014,201.94,53.19,60.17
11132014,202.17,53.04,59.85
11142014,202.22,53,59.89
11172014,202.35,53.09,59.99
11182014,203.51,52.92,60.14
11192014,203.19,53.01,60.21
11202014,203.54,53.13,59.74
11212014,204.63,53.46,60.06
11242014,205.21,53.75,60.57
11252014,205.06,53.53,59.91
11262014,205.58,53.92,59.95
11282014,205.15,54.12,59.78
12012014,203.72,53.47,59.62
12022014,205.04,53.86,60.69
12032014,205.83,54.03,61.15
12042014,205.6,54.14,60.99
12052014,205.94,54.67,62.3
12082014,204.56,54.41,62.27
12092014,204.42,54.47,62.05
12102014,201.15,53.9,60.29
12112014,202.17,54.07,60.75
12122014,198.9,53.35,59.66
12152014,197.53,52.84,58.78
12162014,195.95,52.42,58.06
12172014,199.79,53.44,59.39
12182014,204.73,54.85,61.09
12192014,205.6,54.09,61.53
12222014,206.55,54.61,61.54
12232014,206.83,55.11,62.08
12242014,206.85,54.98,62.08
12262014,207.51,54.92,62.15
12292014,207.79,55.35,62.56
12302014,206.68,55.06,62.75
12312014,204.63,54.46,62.18
1022015,204.52,54.34,62.49
1052015,200.82,52.85,60.55
1062015,198.93,51.75,58.98
1072015,201.41,52.06,59.07
1082015,204.98,53.21,60.39
1092015,203.34,52.34,59.34
1122015,201.75,51.71,58.83
1132015,201.18,51.51,58.84
1142015,199.97,50.91,56.81
1152015,198.14,50.39,54.99
1162015,200.73,51.3,55.93
1202015,201.16,51.66,55.71
1212015,202.18,51.76,55.89
1222015,205.18,53.42,57.59
1232015,204.06,52.91,56.68
1262015,204.54,53.23,56.77
1272015,201.84,52.62,56.2
1282015,199.25,51.82,54.75
1292015,201.09,52.41,55.67
1302015,198.56,51.58,54.38
2022015,201.02,52.46,55.47
2032015,203.93,53.1,56.72
2042015,203.15,53.03,56.38
2052015,205.2,53.67,56.77
2062015,204.64,54.45,57.89
2092015,203.72,54.21,57.82
2102015,205.89,54.57,58.46
2112015,206.01,53.9,58.37
2122015,207.99,54.86,59.57
2132015,208.85,55.33,59.67
2172015,209.18,55.37,60.1
2182015,209.2,54.52,59.37
2192015,209.05,54.56,59.23
2202015,210.3,54.83,59.8
2232015,210.27,55.1,59.35
2242015,210.87,55.37,60.82
2252015,210.69,55.33,61.14
2262015,210.44,55.15,61.58
2272015,209.72,54.79,61.28
3022015,211.05,55.55,61.77
3032015,210.18,55.45,61.97
3042015,209.3,54.82,62.13
3052015,209.52,54.84,62
3062015,206.58,54.59,60.89
3092015,207.43,54.67,61.5
3102015,204.07,53.29,59.96
3112015,203.59,53.7,60.24
3122015,206.18,55.59,61.37
3132015,204.92,55.34,61
3162015,207.65,55.73,61.85
3172015,207.04,55.91,61.61
3182015,209.52,56.17,61.75
3192015,208.57,55.51,61.2
3202015,210.41,56.01,61.75
3232015,210,55.78,61.14
3242015,208.82,55.35,60.46
3252015,205.76,54.54,59.61
