caldt,vwretd,ewretd
20000103,-0.009385,-0.020912
20000104,-0.038436,-0.026501
20000105,0.000861,0.004636
20000106,-0.002834,0.011314
20000107,0.032151,0.022917
20000110,0.011337,0.004377
20000111,-0.013739,-0.009128
20000112,-0.004260,-0.002580
20000113,0.012882,0.013165
20000114,0.010648,0.003367
20000118,-0.006457,-0.008192
20000119,0.001444,0.000371
20000120,-0.008704,-0.013070
20000121,-0.002922,-0.005046
20000124,-0.027213,-0.021951
20000125,0.006565,-0.004718
20000126,-0.005049,0.003820
20000127,-0.003727,-0.001365
20000128,-0.026639,-0.023132
20000131,0.024592,0.015712
20000201,0.011100,0.006355
20000202,-0.000557,0.000107
20000203,0.012120,0.009872
20000204,-0.000495,-0.003387
20000207,0.000628,-0.006228
20000208,0.011379,0.003778
20000209,-0.020372,-0.017627
20000210,0.003728,-0.005881
20000211,-0.020606,-0.014771
20000214,0.001833,0.001594
20000215,0.009353,0.012560
20000216,-0.010352,-0.006707
20000217,-0.000426,0.000111
20000218,-0.030003,-0.024568
20000222,0.004272,0.006557
20000223,0.007725,-0.006148
20000224,-0.005720,-0.014445
20000225,-0.014728,-0.011887
20000228,0.010586,0.011486
20000229,0.014414,0.009262
20000301,0.009355,0.006992
20000302,0.001277,-0.007416
20000303,0.020696,0.018709
20000306,-0.012653,-0.013967
20000307,-0.026713,-0.023130
20000308,0.008669,0.005920
20000309,0.024992,0.018105
20000310,-0.004284,-0.003789
20000313,-0.007836,-0.001484
20000314,-0.018024,-0.011992
20000315,0.024295,0.041859
20000316,0.047306,0.063069
20000317,0.005001,-0.010024
20000320,-0.005335,-0.006947
20000321,0.024769,0.018239
20000322,0.005092,-0.002636
20000323,0.018142,0.013015
20000324,0.000255,-0.001009
20000327,-0.002333,-0.006459
20000328,-0.010872,-0.004723
20000329,0.001114,0.004866
20000330,-0.013642,0.004813
20000331,0.008020,0.010919
20000403,0.002777,0.006587
20000404,-0.006242,-0.005769
20000405,-0.004800,0.002530
20000406,0.008801,0.008426
20000407,0.010142,-0.001245
20000410,-0.007949,0.000904
20000411,-0.002903,0.007227
20000412,-0.021677,0.000705
20000413,-0.017101,-0.008942
20000414,-0.059488,-0.054253
20000417,0.032657,0.014180
20000418,0.028768,0.018495
20000419,-0.009618,-0.001620
20000420,0.004311,0.008203
20000424,-0.002562,0.004872
20000425,0.034494,0.032202
20000426,-0.012057,-0.010254
20000427,0.002975,-0.004486
20000428,-0.008434,-0.003394
20000501,0.010816,0.012798
20000502,-0.015347,-0.008360
20000503,-0.020914,-0.020497
20000504,-0.004425,0.001838
20000505,0.015734,0.009737
20000508,-0.005776,0.001113
20000509,-0.008550,-0.004473
20000510,-0.021156,-0.011218
20000511,0.019714,0.023012
20000512,0.008338,0.005722
20000515,0.021933,0.018275
20000516,0.009986,0.007834
20000517,-0.012344,-0.010100
20000518,-0.007533,0.000685
20000519,-0.021760,-0.018538
20000522,-0.004170,-0.000124
20000523,-0.020060,-0.007552
20000524,0.019808,0.012306
20000525,-0.013383,-0.013706
20000526,-0.001896,-0.003191
20000530,0.032321,0.023294
20000531,-0.001540,-0.000186
20000601,0.020402,0.016773
20000602,0.019585,0.015787
20000605,-0.006689,-0.010010
20000606,-0.007085,-0.006681
20000607,0.010401,0.001592
20000608,-0.007088,-0.006931
20000609,-0.003274,0.001113
20000612,-0.007715,-0.007066
20000613,0.016444,0.008157
20000614,0.000863,0.002192
20000615,0.005818,-0.003207
20000616,-0.009551,-0.009794
20000619,0.015041,0.003592
20000620,-0.006656,-0.010729
20000621,0.001949,-0.000821
20000622,-0.018171,-0.010556
20000623,-0.007486,-0.003364
20000626,0.009766,0.004922
20000627,-0.003523,0.004077
20000628,0.003558,0.002929
20000629,-0.008721,-0.004823
20000630,0.008314,-0.008086
20000703,0.009984,0.019456
20000705,-0.016373,-0.010851
20000706,0.008039,0.005492
20000707,0.015559,0.012704
20000710,-0.002534,0.002763
20000711,0.003553,0.008845
20000712,0.008806,0.005580
20000713,0.002210,0.000256
20000714,0.010038,0.006278
20000717,0.000461,-0.002768
20000718,-0.010982,-0.006160
20000719,-0.007886,-0.007375
20000720,0.009821,0.002793
20000721,-0.010782,-0.010767
20000724,-0.011081,-0.006941
20000725,0.008169,0.003292
20000726,-0.014794,-0.014681
20000727,-0.001995,0.003191
20000728,-0.020667,-0.013722
20000731,0.008141,0.006716
20000801,0.004505,0.010767
20000802,0.000460,0.003343
20000803,0.010086,0.005371
20000804,0.007378,0.011382
20000807,0.011428,0.013597
20000808,0.003183,0.006498
20000809,-0.005995,-0.005473
20000810,-0.008963,-0.004738
20000811,0.008183,0.012996
20000814,0.013562,0.010924
20000815,-0.004966,-0.007145
20000816,-0.002993,-0.000629
20000817,0.010888,0.006956
20000818,-0.002969,-0.001828
20000821,0.005122,0.000536
20000822,-0.000466,0.002442
20000823,0.005370,-0.001270
20000824,0.001638,-0.001242
20000825,-0.001576,-0.000160
20000828,0.005447,0.002364
20000829,-0.002450,-0.001764
20000830,-0.004526,-0.000020
20000831,0.009966,0.008969
20000901,0.002170,0.002033
20000905,-0.008903,0.002382
20000906,-0.010099,0.003660
20000907,0.007110,0.002145
20000908,-0.005310,0.000137
20000911,-0.003532,0.002210
20000912,-0.004863,-0.001828
20000913,0.002416,0.001544
20000914,-0.002668,-0.003464
20000915,-0.010292,-0.007582
20000918,-0.014140,-0.017990
20000919,0.010611,0.000316
20000920,-0.005590,-0.008261
20000921,-0.002424,-0.003039
20000922,0.000881,0.004176
20000925,-0.006867,-0.003946
20000926,-0.008238,-0.005766
20000927,-0.000545,0.003121
20000928,0.021780,0.020903
20000929,-0.014410,-0.006805
20001002,0.000047,-0.001892
20001003,-0.007287,-0.001635
20001004,0.005237,0.002532
20001005,0.002293,-0.006279
20001006,-0.019004,-0.016746
20001009,-0.005596,0.001899
20001010,-0.011571,-0.009498
20001011,-0.015351,-0.011487
20001012,-0.026533,-0.022369
20001013,0.034527,0.021892
20001016,0.000544,0.005338
20001017,-0.017923,-0.022171
20001018,-0.005755,-0.001495
20001019,0.034989,0.027093
20001020,0.005698,0.003127
20001023,-0.000967,0.000904
20001024,0.001810,0.008640
20001025,-0.023736,-0.014856
20001026,-0.000099,0.001818
20001027,0.011143,0.012248
20001030,0.014043,0.028724
20001031,0.022076,0.021650
20001101,-0.005923,-0.003286
20001102,0.005543,0.006895
20001103,-0.000829,-0.002782
20001106,0.003912,0.004175
20001107,-0.000005,-0.000409
20001108,-0.015943,-0.005340
20001109,-0.006277,-0.007948
20001110,-0.024835,-0.017948
20001113,-0.010696,-0.002223
20001114,0.023845,0.016329
20001115,0.004897,0.006523
20001116,-0.012723,-0.012733
20001117,-0.003299,-0.001931
20001120,-0.018171,-0.013228
20001121,0.003580,-0.000483
20001122,-0.018785,-0.014722
20001124,0.015249,0.014640
20001127,0.005073,0.002052
20001128,-0.009738,-0.009182
20001129,0.004802,0.004266
20001130,-0.020230,-0.014583
20001201,0.000223,0.011208
20001204,0.007378,0.009220
20001205,0.039547,0.025643
20001206,-0.018190,-0.015355
20001207,-0.005843,-0.007768
20001208,0.019845,0.021012
20001211,0.007631,0.006973
20001212,-0.006906,-0.002247
20001213,-0.008307,-0.011649
20001214,-0.013757,-0.013992
20001215,-0.021692,-0.012769
20001218,0.008272,0.016376
20001219,-0.013289,-0.003823
20001220,-0.031197,-0.020537
20001221,0.008037,0.006771
20001222,0.024460,0.028687
20001226,0.007011,0.010657
20001227,0.010740,0.018085
20001228,0.004037,0.012289
20001229,-0.010431,-0.010221
20010102,-0.028412,-0.028107
20010103,0.050253,0.045370
20010104,-0.010833,-0.007648
20010105,-0.026498,-0.020386
20010108,-0.001743,0.002650
20010109,0.004213,0.003216
20010110,0.009430,0.010793
20010111,0.010062,0.003979
20010112,-0.006356,-0.002879
20010116,0.006342,0.008015
20010117,0.002227,0.003712
20010118,0.014177,0.004208
20010119,-0.004079,-0.010842
20010122,0.000250,0.009130
20010123,0.013165,0.015221
20010124,0.002860,0.001641
20010125,-0.005010,0.002015
20010126,-0.001778,-0.002574
20010129,0.006744,0.011783
20010130,0.007073,0.008073
20010131,-0.005564,-0.002071
20010201,0.005642,0.003829
20010202,-0.017615,-0.011645
20010205,0.003431,0.003146
20010206,-0.001315,0.000528
20010207,-0.008353,-0.001669
20010208,-0.006219,-0.003720
20010209,-0.013828,-0.008291
20010212,0.012165,0.009044
20010213,-0.008523,-0.002075
20010214,-0.001916,0.000228
20010215,0.008371,0.009689
20010216,-0.018951,-0.014006
20010220,-0.017323,-0.013838
20010221,-0.018476,-0.015001
20010222,-0.001937,-0.003263
20010223,-0.005542,-0.003972
20010226,0.017569,0.019133
20010227,-0.007495,-0.007700
20010228,-0.013911,-0.011031
20010301,0.000951,0.001630
20010302,-0.005883,0.004007
20010305,0.006095,0.007167
20010306,0.010182,0.009803
20010307,0.006600,0.009267
20010308,0.002199,0.003732
20010309,-0.025003,-0.020366
20010312,-0.043268,-0.034662
20010313,0.015499,0.006269
20010314,-0.025973,-0.023291
20010315,0.005745,0.001670
20010316,-0.019582,-0.020875
20010319,0.017672,0.020316
20010320,-0.024238,-0.017255
20010321,-0.017768,-0.017457
20010322,-0.003703,-0.006548
20010323,0.019938,0.018298
20010326,0.011115,0.013148
20010327,0.025533,0.014384
20010328,-0.024253,-0.020908
20010329,-0.004598,-0.003041
20010330,0.010716,0.009753
20010402,-0.012555,-0.013305
20010403,-0.034336,-0.033675
20010404,-0.002878,0.000748
20010405,0.043951,0.042075
20010406,-0.020128,-0.025141
20010409,0.007956,0.012383
20010410,0.027350,0.031360
20010411,-0.002083,-0.003761
20010412,0.015123,0.013963
20010416,-0.003365,-0.003616
20010417,0.010405,0.010639
20010418,0.039432,0.038995
20010419,0.012924,0.009365
20010420,-0.008767,-0.008989
20010423,-0.015204,-0.013237
20010424,-0.012222,-0.005819
20010425,0.016052,0.012962
20010426,0.004909,0.005728
20010427,0.015074,0.016689
20010430,-0.002889,0.002731
20010501,0.013674,0.008766
20010502,0.000974,0.001727
20010503,-0.014659,-0.015258
20010504,0.014483,0.012398
20010507,-0.002510,-0.003290
20010508,-0.001640,0.000481
20010509,-0.004564,-0.001722
20010510,-0.000068,0.002746
20010511,-0.007463,-0.004855
20010514,0.002739,0.001281
20010515,0.000308,0.002841
20010516,0.028746,0.029120
20010517,0.002770,0.007396
20010518,0.002578,0.001940
20010521,0.016309,0.018030
20010522,-0.002536,-0.000843
20010523,-0.015454,-0.016617
20010524,0.003259,0.000975
20010525,-0.011883,-0.007776
20010529,-0.007820,-0.008827
20010530,-0.015459,-0.016831
20010531,0.006313,0.008980
20010601,0.003934,0.004529
20010604,0.005027,0.002681
20010605,0.013079,0.015304
20010606,-0.010252,-0.009375
20010607,0.005417,0.005658
20010608,-0.009407,-0.007457
20010611,-0.008436,-0.011158
20010612,0.001053,0.000049
20010613,-0.011138,-0.008671
20010614,-0.017572,-0.021277
20010615,-0.004609,-0.001319
20010618,-0.004702,-0.006034
20010619,0.003503,0.002024
20010620,0.008790,0.005067
20010621,0.011574,0.006580
20010622,-0.009658,-0.008782
20010625,-0.005569,-0.003856
20010626,-0.001515,0.002873
20010627,-0.004430,-0.000320
20010628,0.012844,0.011559
20010629,-0.001877,0.006276
20010702,0.010254,0.005322
20010703,-0.001438,-0.001709
20010705,-0.012377,-0.007875
20010706,-0.023325,-0.022030
20010709,0.006844,0.004652
20010710,-0.014175,-0.013597
20010711,-0.001063,0.000891
20010712,0.023836,0.023567
20010713,0.006272,0.004935
20010716,-0.010901,-0.012950
20010717,0.010104,0.007914
20010718,-0.005215,-0.004384
20010719,0.005872,0.006928
20010720,-0.003575,-0.005061
20010723,-0.016418,-0.013221
20010724,-0.016268,-0.018066
20010725,0.015908,0.014995
20010726,0.010367,0.013684
20010727,0.002470,0.002847
20010730,-0.001049,-0.000252
20010731,0.005558,0.005768
20010801,0.003953,0.005167
20010802,0.004192,0.004278
20010803,-0.004965,-0.004099
20010806,-0.011428,-0.010827
20010807,0.003410,0.000411
20010808,-0.017220,-0.017418
20010809,0.000096,0.000089
20010810,0.005649,0.004541
20010813,0.001013,0.004325
20010814,-0.003848,-0.000570
20010815,-0.007184,-0.006678
20010816,0.003005,0.003149
20010817,-0.016531,-0.013155
20010820,0.008182,0.005076
20010821,-0.012217,-0.009845
20010822,0.007012,0.007871
20010823,-0.002917,-0.002781
20010824,0.019624,0.018135
20010827,-0.004760,-0.002446
20010828,-0.015042,-0.012163
20010829,-0.011193,-0.008487
20010830,-0.017005,-0.014227
20010831,0.004177,0.005535
20010904,-0.000588,-0.002183
20010905,-0.000844,-0.006091
20010906,-0.022376,-0.019383
20010907,-0.018557,-0.019208
20010910,0.006275,-0.001243
20010917,-0.048821,-0.061869
20010918,-0.005660,-0.011519
20010919,-0.015821,-0.019220
20010920,-0.030654,-0.032161
20010921,-0.019326,-0.018875
20010924,0.039091,0.039626
20010925,0.008683,0.003033
20010926,-0.004796,-0.016903
20010927,0.011182,0.005999
20010928,0.021780,0.027845
20011001,-0.002038,-0.010252
20011002,0.012116,0.014521
20011003,0.020318,0.032454
20011004,-0.002691,0.001673
20011005,0.001939,0.001391
20011008,-0.008236,-0.010547
20011009,-0.005362,-0.007092
20011010,0.022803,0.027937
20011011,0.015120,0.026117
20011012,-0.005002,-0.005999
20011015,-0.001162,-0.004056
20011016,0.007020,0.010885
20011017,-0.018860,-0.024239
20011018,-0.007236,-0.010235
20011019,0.004647,0.005075
20011022,0.015318,0.014083
20011023,-0.004878,-0.002620
20011024,0.000412,0.001472
20011025,0.013862,0.018042
20011026,0.003954,0.004345
20011029,-0.023767,-0.023894
20011030,-0.017169,-0.020879
20011031,0.000039,0.003189
20011101,0.023063,0.020016
20011102,0.003038,0.004572
20011105,0.014452,0.019577
20011106,0.014678,0.013494
20011107,-0.002382,0.001110
20011108,0.002337,-0.002556
20011109,0.001478,0.002004
20011112,-0.001631,-0.000488
20011113,0.018697,0.020565
20011114,0.002472,0.005921
20011115,0.001130,0.000016
20011116,-0.003266,0.002021
20011119,0.010845,0.012196
20011120,-0.007236,-0.008328
20011121,-0.004853,-0.005585
20011123,0.011676,0.014057
20011126,0.006320,0.007471
20011127,-0.006856,-0.003924
20011128,-0.018023,-0.018541
20011129,0.010503,0.009165
20011130,-0.000663,0.001620
20011203,-0.008463,-0.008174
20011204,0.013202,0.019574
20011205,0.022691,0.027741
20011206,-0.002598,0.000118
20011207,-0.007555,-0.007970
20011210,-0.015738,-0.015198
20011211,-0.002868,-0.000903
20011212,0.000496,-0.001001
20011213,-0.015539,-0.014946
20011214,0.003273,0.001255
20011217,0.010135,0.006467
20011218,0.007709,0.011749
20011219,0.006001,0.001697
20011220,-0.008195,-0.009449
20011221,0.004235,0.004962
20011224,-0.000287,0.003746
20011226,0.004121,0.005875
20011227,0.006949,0.008538
20011228,0.003306,0.006594
20011231,-0.011116,-0.007443
20020102,0.005898,0.002355
20020103,0.009306,0.009306
20020104,0.006247,0.009781
20020107,-0.006476,-0.003607
20020108,-0.003318,-0.003919
20020109,-0.004713,-0.002991
20020110,0.001232,-0.002687
20020111,-0.009368,-0.009929
20020114,-0.006209,-0.009742
20020115,0.006758,0.004769
20020116,-0.016415,-0.018712
20020117,0.010414,0.009456
20020118,-0.009909,-0.008180
20020122,-0.007227,-0.007920
20020123,0.007628,0.012442
20020124,0.003452,0.008465
20020125,0.001021,0.004016
20020128,-0.000207,0.001440
20020129,-0.028606,-0.022677
20020130,0.011892,0.010500
20020131,0.015061,0.014818
20020201,-0.007371,-0.005580
20020204,-0.024551,-0.023561
20020205,-0.003882,-0.008169
20020206,-0.006016,-0.008487
20020207,-0.002897,-0.002967
20020208,0.014955,0.015843
20020211,0.014354,0.018677
20020212,-0.003956,-0.002509
20020213,0.010340,0.010279
20020214,-0.001707,-0.002880
20020215,-0.011077,-0.007854
20020219,-0.018810,-0.020827
20020220,0.013757,0.010853
20020221,-0.015566,-0.011678
20020222,0.007934,0.005057
20020225,0.018069,0.018551
20020226,0.000002,0.006357
20020227,0.000890,0.000584
20020228,-0.002858,-0.003966
20020301,0.022751,0.019545
20020304,0.019576,0.027274
20020305,-0.006701,-0.002796
20020306,0.014598,0.016768
20020307,-0.004533,-0.001849
20020308,0.005946,0.007378
20020311,0.003259,0.004416
20020312,-0.002261,-0.004300
20020313,-0.009669,-0.009876
20020314,-0.000854,0.000961
20020315,0.011431,0.009658
20020318,-0.000650,0.002232
20020319,0.004117,0.005109
20020320,-0.015796,-0.012855
20020321,0.001608,0.002565
20020322,-0.004151,-0.004640
20020325,-0.014666,-0.014655
20020326,0.006046,0.006599
20020327,0.005254,0.009243
20020328,0.002583,0.005948
20020401,-0.000999,-0.001224
20020402,-0.008658,-0.010454
20020403,-0.009776,-0.011232
20020404,0.001000,0.001575
20020405,-0.003192,-0.000112
20020408,0.002530,0.005626
20020409,-0.006702,-0.003339
20020410,0.011442,0.012114
20020411,-0.023710,-0.018495
20020412,0.006876,0.008455
20020415,-0.007853,-0.004182
20020416,0.023345,0.022682
20020417,-0.002029,-0.000327
20020418,-0.001398,-0.003711
20020419,0.000539,0.000731
20020422,-0.015422,-0.014082
20020423,-0.006123,-0.002426
20020424,-0.007063,-0.007129
20020425,-0.001517,-0.001457
20020426,-0.013818,-0.012198
20020429,-0.010141,-0.010345
20020430,0.010847,0.013375
20020501,0.008925,0.004175
20020502,-0.001734,-0.002019
20020503,-0.010451,-0.009151
20020506,-0.019450,-0.018291
20020507,-0.002952,-0.002585
20020508,0.037788,0.034783
20020509,-0.014460,-0.012220
20020510,-0.016821,-0.018931
20020513,0.018679,0.014319
20020514,0.021276,0.021597
20020515,-0.005372,-0.000947
20020516,0.006578,0.000107
20020517,0.007805,0.003537
20020520,-0.013184,-0.009696
20020521,-0.011091,-0.010475
20020522,0.005714,0.003853
20020523,0.010188,0.011429
20020524,-0.012328,-0.008670
20020528,-0.008518,-0.007268
20020529,-0.006336,-0.007011
20020530,-0.002672,-0.003820
20020531,0.002237,0.003381
20020603,-0.024940,-0.025582
20020604,0.000107,-0.002094
20020605,0.009320,0.007449
20020606,-0.019822,-0.018486
20020607,-0.001541,0.000870
20020610,0.003388,0.002453
20020611,-0.016832,-0.016647
20020612,0.007003,-0.000803
20020613,-0.010478,-0.010330
20020614,-0.002059,-0.003489
20020617,0.028667,0.028118
20020618,0.000922,-0.000716
20020619,-0.016438,-0.015319
20020620,-0.013499,-0.013000
20020621,-0.017192,-0.013391
20020624,0.003660,0.000288
20020625,-0.016880,-0.018453
20020626,-0.002113,-0.009541
20020627,0.017584,0.015844
20020628,-0.001056,0.008363
20020701,-0.021581,-0.024328
20020702,-0.020974,-0.028668
20020703,0.006183,0.003226
20020705,0.036595,0.038793
20020708,-0.011932,-0.015062
20020709,-0.024767,-0.022990
20020710,-0.033393,-0.030478
20020711,0.007641,0.007537
20020712,-0.006273,-0.003565
20020715,-0.003375,-0.002432
20020716,-0.018340,-0.016894
20020717,0.005465,-0.001902
20020718,-0.027241,-0.024511
20020719,-0.037927,-0.036163
20020722,-0.032844,-0.028470
20020723,-0.026760,-0.032285
20020724,0.057542,0.053685
20020725,-0.005820,-0.008148
20020726,0.017081,0.006441
20020729,0.054305,0.058807
20020730,0.004326,0.008924
20020731,0.009925,-0.000594
20020801,-0.029658,-0.023171
20020802,-0.022840,-0.028796
20020805,-0.034296,-0.035149
20020806,0.029966,0.034456
20020807,0.020292,0.012526
20020808,0.032877,0.028844
20020809,0.003697,0.004148
20020812,-0.005182,-0.004881
20020813,-0.021695,-0.022544
20020814,0.040440,0.036640
20020815,0.011657,0.015179
20020816,-0.001582,0.000958
20020819,0.023689,0.024616
20020820,-0.013980,-0.012055
20020821,0.012766,0.016271
20020822,0.014220,0.019029
20020823,-0.022817,-0.021633
20020826,0.007715,0.011075
20020827,-0.013954,-0.014125
20020828,-0.018000,-0.021622
20020829,-0.000004,0.001687
20020830,-0.001838,-0.002013
20020903,-0.041727,-0.038159
20020904,0.017871,0.018500
20020905,-0.015924,-0.014778
20020906,0.016807,0.017740
20020909,0.010307,0.008298
20020910,0.007354,0.005504
20020911,0.000054,0.002450
20020912,-0.024602,-0.024451
20020913,0.003242,0.000533
20020916,0.001554,-0.005813
20020917,-0.019901,-0.021503
20020918,-0.004469,-0.006687
20020919,-0.030272,-0.032164
20020920,0.002440,0.003589
20020923,-0.013822,-0.020260
20020924,-0.017266,-0.021606
20020925,0.025177,0.029836
20020926,0.018336,0.020147
20020927,-0.032390,-0.028225
20020930,-0.014658,-0.012309
20021001,0.040142,0.032250
20021002,-0.023463,-0.029076
20021003,-0.010939,-0.014056
20021004,-0.022356,-0.027662
20021007,-0.018998,-0.026427
20021008,0.017385,0.009957
20021009,-0.027320,-0.034666
20021010,0.035139,0.040167
20021011,0.039184,0.043864
20021014,0.007451,0.006205
20021015,0.047306,0.050904
20021016,-0.023981,-0.032582
20021017,0.022417,0.029026
20021018,0.005950,0.004744
20021021,0.017300,0.030565
20021022,-0.010559,-0.012835
20021023,0.006710,0.013793
20021024,-0.015268,-0.010321
20021025,0.017164,0.015056
20021028,-0.008141,-0.008304
20021029,-0.008896,-0.010763
20021030,0.009984,0.014691
20021031,-0.005451,-0.002304
20021101,0.017241,0.025789
20021104,0.008064,0.012867
20021105,0.007853,0.001114
20021106,0.009269,0.019661
20021107,-0.022656,-0.028964
20021108,-0.008776,-0.016275
20021111,-0.020847,-0.023565
20021112,0.007819,0.012544
20021113,-0.000251,0.003111
20021114,0.024895,0.030222
20021115,0.006209,0.007895
20021118,-0.010388,-0.006256
20021119,-0.003943,-0.005404
20021120,0.019633,0.023498
20021121,0.021612,0.030227
20021122,-0.003657,0.002833
20021125,0.002630,0.006820
20021126,-0.020651,-0.020535
20021127,0.028154,0.029166
20021129,-0.002800,0.001806
20021202,-0.001923,-0.000983
20021203,-0.014582,-0.017688
20021204,-0.003214,-0.007531
20021205,-0.012100,-0.010348
20021206,0.006233,0.005842
20021209,-0.022088,-0.025154
20021210,0.014090,0.016610
20021211,0.000761,0.000780
20021212,-0.003809,0.001558
20021213,-0.013320,-0.013808
20021216,0.023534,0.023020
20021217,-0.008147,-0.005622
20021218,-0.013147,-0.015688
20021219,-0.007519,-0.008754
20021220,0.013068,0.012764
20021223,0.001749,0.003528
20021224,-0.005507,-0.004786
20021226,-0.003129,0.001902
20021227,-0.015651,-0.015286
20021230,0.004606,0.003490
20021231,0.000700,0.005087
20030102,0.033246,0.035185
20030103,-0.000367,-0.001621
20030106,0.022473,0.022623
20030107,-0.006532,-0.005577
20030108,-0.013814,-0.012665
20030109,0.019382,0.019990
20030110,-0.000157,0.001656
20030113,-0.001299,-0.003687
20030114,0.005723,0.004745
20030115,-0.014374,-0.011599
20030116,-0.003916,-0.002226
20030117,-0.013970,-0.014826
20030121,-0.015647,-0.018289
20030122,-0.010350,-0.011818
20030123,0.009975,0.013033
20030124,-0.029161,-0.028016
20030127,-0.016180,-0.019245
20030128,0.012974,0.015275
20030129,0.006992,0.005834
20030130,-0.022558,-0.021380
20030131,0.013112,0.010901
20030203,0.005461,0.002684
20030204,-0.013943,-0.013383
20030205,-0.005392,-0.004378
20030206,-0.006321,-0.009226
20030207,-0.009932,-0.010194
20030210,0.007597,0.008422
20030211,-0.008036,-0.007087
20030212,-0.012230,-0.014770
20030213,-0.001520,-0.005008
20030214,0.021282,0.020043
20030218,0.019581,0.020831
20030219,-0.006785,-0.009069
20030220,-0.009393,-0.006139
20030221,0.013112,0.013421
20030224,-0.018206,-0.018073
20030225,0.007138,0.005770
20030226,-0.012801,-0.012009
20030227,0.011728,0.012161
20030228,0.004509,0.004902
20030303,-0.007534,-0.007155
20030304,-0.015318,-0.017259
20030305,0.009855,0.006400
20030306,-0.009021,-0.007301
20030307,0.008279,0.007042
20030310,-0.025728,-0.026439
20030311,-0.008295,-0.013274
20030312,0.004763,0.002833
20030313,0.034451,0.036589
20030314,0.001538,-0.000165
20030317,0.035567,0.039272
20030318,0.004350,0.007404
20030319,0.008761,0.002978
20030320,0.002011,0.004765
20030321,0.023012,0.024255
20030324,-0.035072,-0.036600
20030325,0.012110,0.013906
20030326,-0.005364,-0.006099
20030327,-0.001528,-0.000914
20030328,-0.005695,-0.005691
20030331,-0.017780,-0.015366
20030401,0.012179,0.010643
20030402,0.026384,0.026883
20030403,-0.005007,-0.004694
20030404,0.002644,0.000122
20030407,0.001289,0.004840
20030408,-0.001538,-0.005534
20030409,-0.013950,-0.011851
20030410,0.006378,0.007534
20030411,-0.003608,-0.001366
20030414,0.019493,0.020325
20030415,0.006465,0.007577
20030416,-0.012190,-0.011709
20030417,0.015607,0.019250
20030421,-0.001818,0.001326
20030422,0.021682,0.022953
20030423,0.008705,0.007433
20030424,-0.008316,-0.005730
20030425,-0.013862,-0.015414
20030428,0.018076,0.019723
20030429,0.003364,0.006713
20030430,-0.000964,0.000018
20030501,-0.000452,-0.001886
20030502,0.015234,0.018294
20030505,-0.003538,0.001726
20030506,0.008504,0.009784
20030507,-0.005106,-0.004840
20030508,-0.009991,-0.009560
20030509,0.014479,0.015985
20030512,0.012629,0.015142
20030513,-0.002764,0.000080
20030514,-0.002883,-0.000726
20030515,0.007774,0.010726
20030516,-0.002362,0.002094
20030519,-0.024943,-0.026667
20030520,-0.001140,-0.001047
20030521,0.004004,0.005375
20030522,0.009243,0.011899
20030523,0.001544,0.005528
20030527,0.019697,0.021689
20030528,0.002053,0.002091
20030529,-0.003851,-0.001873
20030530,0.014925,0.019067
20030602,0.003332,0.004904
20030603,0.004840,0.000415
20030604,0.015265,0.019286
20030605,0.004117,0.006959
20030606,-0.002472,-0.003448
20030609,-0.011825,-0.015902
20030610,0.009157,0.008522
20030611,0.013183,0.015705
20030612,0.000975,0.002249
20030613,-0.010008,-0.013446
20030616,0.022413,0.020578
20030617,0.001095,-0.000442
20030618,-0.001437,-0.001233
20030619,-0.015104,-0.014002
20030620,0.001001,-0.001073
20030623,-0.014234,-0.018038
20030624,0.001990,0.001258
20030625,-0.008161,-0.005530
20030626,0.010949,0.011043
20030627,-0.009802,-0.007308
20030630,-0.001559,-0.000636
20030701,0.008154,0.005474
20030702,0.011611,0.012789
20030703,-0.007890,-0.007262
20030707,0.018748,0.019013
20030708,0.003560,0.008290
20030709,-0.005334,-0.002374
20030710,-0.013375,-0.015881
20030711,0.009604,0.007613
20030714,0.006047,0.006056
20030715,-0.003805,-0.005141
20030716,-0.006112,-0.007083
20030717,-0.012317,-0.013394
20030718,0.011724,0.012188
20030721,-0.014637,-0.013203
20030722,0.009650,0.012701
20030723,0.000778,0.000394
20030724,-0.007271,-0.004247
20030725,0.017467,0.016195
20030728,-0.002174,0.000622
20030729,-0.007290,-0.006648
20030730,-0.001567,-0.003263
20030731,0.003177,0.005713
20030801,-0.010252,-0.007605
20030804,0.002728,-0.000343
20030805,-0.017644,-0.017594
20030806,0.001924,0.000155
20030807,0.007343,0.006078
20030808,0.003572,0.003183
20030811,0.003208,0.004492
20030812,0.010111,0.011424
20030813,-0.006115,-0.001907
20030814,0.006488,0.008309
20030815,0.000418,-0.000038
20030818,0.009330,0.011925
20030819,0.002735,0.006841
20030820,-0.002009,0.001324
20030821,0.003015,0.007692
20030822,-0.010190,-0.010999
20030825,0.000658,-0.001653
20030826,0.002993,0.003143
20030827,0.000334,0.003034
20030828,0.006119,0.008797
20030829,0.005270,0.007346
20030902,0.013941,0.013985
20030903,0.004405,0.002961
20030904,0.001619,0.000472
20030905,-0.006311,-0.005881
20030908,0.010195,0.010535
20030909,-0.008490,-0.009496
20030910,-0.011686,-0.015886
20030911,0.005713,0.006307
20030912,0.002236,0.003229
20030915,-0.003640,-0.003418
20030916,0.014114,0.014467
20030917,-0.003231,-0.002866
20030918,0.013328,0.012380
20030919,-0.002951,-0.000917
20030922,-0.013256,-0.013160
20030923,0.005983,0.006751
20030924,-0.018881,-0.018252
20030925,-0.005729,-0.009336
20030926,-0.006390,-0.008980
20030929,0.009571,0.009956
20030930,-0.010382,-0.008067
20031001,0.022056,0.020057
20031002,0.002432,0.004042
20031003,0.009290,0.013248
20031006,0.004461,0.005441
20031007,0.004694,0.004807
20031008,-0.004692,-0.003153
20031009,0.004844,0.006525
20031010,-0.000769,-0.000251
20031013,0.006812,0.008847
20031014,0.003898,0.004006
20031015,-0.002594,-0.003728
20031016,0.003124,0.003117
20031017,-0.010132,-0.012000
20031020,0.005171,0.003952
20031021,0.001332,0.001294
20031022,-0.014802,-0.014226
20031023,0.003229,0.000400
20031024,-0.004809,-0.003285
20031027,0.002042,0.006372
20031028,0.015160,0.014722
20031029,0.001574,0.004802
20031030,-0.000916,0.001129
20031031,0.003390,0.003076
20031103,0.008194,0.009431
20031104,-0.005461,-0.004398
20031105,-0.001016,0.000125
20031106,0.005770,0.006103
20031107,-0.004390,-0.000988
20031110,-0.005752,-0.009072
20031111,-0.000463,-0.001287
20031112,0.011812,0.013422
20031113,-0.000040,0.001960
20031114,-0.007454,-0.009236
20031117,-0.006662,-0.009801
20031118,-0.008650,-0.010015
20031119,0.008245,0.005917
20031120,-0.008448,-0.006852
20031121,0.001320,0.004433
20031124,0.015980,0.018627
20031125,0.002143,0.006018
20031126,0.004297,0.006127
20031128,0.000256,0.001303
20031201,0.010852,0.011872
20031202,-0.003136,-0.003509
20031203,-0.001252,-0.001339
20031204,0.004586,0.002171
20031205,-0.007592,-0.008164
20031208,0.006967,0.006623
20031209,-0.008238,-0.009213
20031210,-0.000855,-0.004642
20031211,0.011744,0.015347
20031212,0.002679,0.003600
20031215,-0.005513,-0.007895
20031216,0.006370,0.004267
20031217,0.001535,0.002637
20031218,0.012040,0.015243
20031219,-0.000490,-0.000259
20031222,0.003868,0.006266
20031223,0.002832,0.004473
20031224,-0.001785,-0.001571
20031226,0.001664,0.002251
20031229,0.012699,0.012609
20031230,0.000069,0.000775
20031231,0.001980,0.000631
20040102,-0.002718,-0.003758
20040105,0.012364,0.012185
20040106,0.001528,0.002007
20040107,0.002585,0.001575
20040108,0.004679,0.006656
20040109,-0.008475,-0.005445
20040112,0.004793,0.004801
20040113,-0.005393,-0.004742
20040114,0.008278,0.009422
20040115,0.001495,0.002326
20040116,0.006694,0.008727
20040120,-0.000525,0.002399
20040121,0.007649,0.005714
20040122,-0.003036,-0.004389
20040123,-0.002351,-0.002639
20040126,0.012178,0.008609
20040127,-0.009621,-0.007783
20040128,-0.013277,-0.013144
20040129,0.005016,0.000996
20040130,-0.002478,0.000853
20040202,0.003640,0.001925
20040203,0.000614,-0.000075
20040204,-0.008127,-0.011069
20040205,0.002054,0.003628
20040206,0.012433,0.015667
20040209,-0.002286,-0.000207
20040210,0.004840,0.005652
20040211,0.011368,0.011997
20040212,-0.004601,-0.003320
20040213,-0.005269,-0.006831
20040217,0.009678,0.011319
20040218,-0.004407,-0.003568
20040219,-0.003957,-0.005025
20040220,-0.002500,-0.004850
20040223,-0.002870,-0.006758
20040224,-0.001514,-0.001997
20040225,0.004260,0.006247
20040226,0.001237,0.004410
20040227,-0.000023,0.004315
20040301,0.009769,0.011978
20040302,-0.005757,-0.004847
20040303,0.001903,0.001319
20040304,0.003149,0.003995
20040305,0.001908,0.002738
20040308,-0.008266,-0.009726
20040309,-0.005721,-0.008285
20040310,-0.014669,-0.016656
20040311,-0.014921,-0.014481
20040312,0.012307,0.015371
20040315,-0.014214,-0.016397
20040316,0.005734,0.004678
20040317,0.011738,0.015496
20040318,-0.001210,-0.001820
20040319,-0.011201,-0.008656
20040322,-0.013054,-0.014292
20040323,-0.001160,-0.000677
20040324,-0.002445,-0.002746
20040325,0.016218,0.018007
20040326,-0.000805,0.000196
20040329,0.013133,0.013216
20040330,0.004022,0.005549
20040331,-0.000658,0.001633
20040401,0.005424,0.005466
20040402,0.008600,0.010237
20040405,0.007590,0.006682
20040406,-0.001854,-0.001613
20040407,-0.006474,-0.005239
20040408,-0.001112,-0.001262
20040412,0.005042,0.003660
20040413,-0.013659,-0.015692
20040414,-0.001263,-0.003205
20040415,0.000713,-0.000477
20040416,0.005063,0.006123
20040419,0.000975,0.000392
20040420,-0.015489,-0.014836
20040421,0.005405,0.006624
20040422,0.014195,0.018166
20040423,0.000487,-0.001682
20040426,-0.004335,-0.005685
20040427,0.002281,0.001664
20040428,-0.013858,-0.014953
20040429,-0.007245,-0.012294
20040430,-0.005680,-0.006416
20040503,0.009082,0.008100
20040504,0.001972,0.002689
20040505,0.001944,0.003131
20040506,-0.006607,-0.009134
20040507,-0.013818,-0.018097
20040510,-0.010442,-0.013573
20040511,0.007737,0.010277
20040512,0.002136,0.000580
20040513,-0.000709,0.001862
20040514,-0.000647,-0.000477
20040517,-0.010453,-0.012981
20040518,0.006917,0.009288
20040519,-0.002403,-0.000646
20040520,0.000442,-0.001696
20040521,0.004069,0.006249
20040524,0.001673,0.005857
20040525,0.016031,0.018221
20040526,0.001859,0.003351
20040527,0.005855,0.005487
20040528,-0.000487,0.001968
20040601,0.000458,0.000082
20040602,0.003743,0.002975
20040603,-0.007425,-0.009952
20040604,0.005321,0.006426
20040607,0.015983,0.017615
20040608,0.001510,0.001452
20040609,-0.009410,-0.011523
20040610,0.004500,0.004410
20040614,-0.009589,-0.012008
20040615,0.006158,0.009182
20040616,0.001348,0.001571
20040617,-0.001254,-0.001112
20040618,0.002568,0.002665
20040621,-0.004007,-0.002837
20040622,0.003717,0.007005
20040623,0.008501,0.010998
20040624,-0.002708,-0.002673
20040625,-0.004411,0.001775
20040628,-0.002006,-0.004305
20040629,0.002616,0.002744
20040630,0.004083,0.006148
20040701,-0.010307,-0.012760
20040702,-0.003149,-0.003791
20040706,-0.007993,-0.011223
20040707,0.002137,0.002181
20040708,-0.008194,-0.011616
20040709,0.003365,0.004150
20040712,0.001320,-0.000339
20040713,0.000852,0.000422
20040714,-0.003177,-0.002991
20040715,-0.004443,-0.000332
20040716,-0.004610,-0.006365
20040719,-0.000592,0.000068
20040720,0.007024,0.008831
20040721,-0.013158,-0.015622
20040722,0.002519,-0.000361
20040723,-0.009594,-0.009464
20040726,-0.001975,-0.005762
20040727,0.009832,0.009411
20040728,0.000861,-0.000213
20040729,0.004972,0.009352
20040730,0.001200,0.002478
20040802,0.004189,0.002662
20040803,-0.006303,-0.009817
20040804,-0.000736,-0.002077
20040805,-0.016292,-0.016613
20040806,-0.015407,-0.018197
20040809,0.001226,0.001929
20040810,0.012917,0.015428
20040811,-0.002377,-0.005088
20040812,-0.011584,-0.012611
20040813,0.001657,-0.000119
20040816,0.013590,0.016658
20040817,0.002236,0.003911
20040818,0.012677,0.015157
20040819,-0.003599,-0.004496
20040820,0.006546,0.008561
20040823,-0.002428,-0.002991
20040824,0.000511,-0.000383
20040825,0.008058,0.008783
20040826,0.000101,-0.000091
20040827,0.002603,0.002292
20040830,-0.007672,-0.008886
20040831,0.004626,0.003983
20040901,0.001866,0.003236
20040902,0.011267,0.012465
20040903,-0.004149,-0.004566
20040907,0.006902,0.007749
20040908,-0.004320,-0.006994
20040909,0.001967,0.004771
20040910,0.004951,0.006661
20040913,0.001872,0.004760
20040914,0.002343,0.000837
20040915,-0.007050,-0.007924
20040916,0.002814,0.005336
20040917,0.004516,0.004010
20040920,-0.005686,-0.003738
20040921,0.006354,0.007551
20040922,-0.013820,-0.012719
20040923,-0.004464,-0.003784
20040924,0.001552,0.001193
20040927,-0.006009,-0.007755
20040928,0.006142,0.006121
20040929,0.004333,0.004619
20040930,-0.000249,0.005942
20041001,0.015042,0.015980
20041004,0.003470,0.004739
20041005,-0.000642,-0.002239
20041006,0.007031,0.007230
20041007,-0.009881,-0.010086
20041008,-0.007465,-0.008851
20041011,0.001982,0.000669
20041012,-0.002344,-0.003542
20041013,-0.007280,-0.007822
20041014,-0.009293,-0.007565
20041015,0.004400,0.005016
20041018,0.005151,0.003536
20041019,-0.009666,-0.010596
20041020,0.000555,0.001899
20041021,0.002666,0.007582
20041022,-0.009730,-0.007493
20041025,-0.000868,0.001056
20041026,0.014718,0.015519
20041027,0.013177,0.014207
20041028,0.001982,0.001526
20041029,0.002479,0.004109
20041101,0.000382,0.001460
20041102,0.000105,-0.000928
20041103,0.011251,0.011616
20041104,0.016251,0.017307
20041105,0.004002,0.006016
20041108,-0.001076,-0.001154
20041109,-0.000265,0.000596
20041110,-0.000860,0.000887
20041111,0.009060,0.009977
20041112,0.008974,0.008921
20041115,0.000018,0.001004
20041116,-0.006982,-0.006476
20041117,0.005629,0.007009
20041118,0.001303,0.001994
20041119,-0.011033,-0.011373
20041122,0.005804,0.007742
20041123,-0.000214,0.000511
20041124,0.004207,0.006865
20041126,0.000815,0.002100
20041129,-0.003262,-0.002997
20041130,-0.003921,-0.003641
20041201,0.015123,0.014345
20041202,-0.000894,-0.002916
20041203,0.000744,0.001812
20041206,-0.000699,-0.000886
20041207,-0.010808,-0.012212
20041208,0.004761,0.002847
20041209,0.005408,0.005120
20041210,-0.001076,0.000758
20041213,0.009072,0.008762
20041214,0.003944,0.005747
20041215,0.002063,0.004224
20041216,-0.002021,-0.004335
20041217,-0.007143,-0.004076
20041220,0.000029,-0.000822
20041221,0.009052,0.009110
20041222,0.003746,0.003270
20041223,0.000530,0.000273
20041227,-0.004327,-0.004866
20041228,0.007054,0.008513
20041229,0.000177,0.001577
20041230,0.000114,0.001584
20041231,-0.001332,-0.000592
20050103,-0.008183,-0.012294
20050104,-0.011433,-0.015047
20050105,-0.003554,-0.007284
20050106,0.003732,0.002761
20050107,-0.001434,-0.001763
20050110,0.003391,0.002987
20050111,-0.006016,-0.006779
20050112,0.004448,0.004595
20050113,-0.008636,-0.005768
20050114,0.006056,0.007857
20050118,0.009760,0.010120
20050119,-0.009411,-0.009043
20050120,-0.007726,-0.007664
20050121,-0.006536,-0.006446
20050124,-0.003465,-0.005610
20050125,0.003904,0.002278
20050126,0.004918,0.007013
20050127,0.000607,0.002911
20050128,-0.002654,-0.003655
20050131,0.008530,0.011129
20050201,0.006963,0.006881
20050202,0.003312,0.003900
20050203,-0.002412,-0.002253
20050204,0.011112,0.012074
20050207,-0.001094,-0.001593
20050208,0.000797,0.001038
20050209,-0.008406,-0.010818
20050210,0.004295,0.003191
20050211,0.007176,0.010229
20050214,0.000858,-0.000223
20050215,0.003244,0.004055
20050216,0.000143,0.000152
20050217,-0.007787,-0.008615
20050218,0.000721,-0.000300
20050222,-0.014433,-0.015392
20050223,0.005703,0.005369
20050224,0.008176,0.008998
20050225,0.009482,0.009817
20050228,-0.006486,-0.006096
20050301,0.005575,0.007869
20050302,0.000169,-0.001310
20050303,0.000380,0.000966
20050304,0.009669,0.009692
20050307,0.002533,0.004604
20050308,-0.004759,-0.006207
20050309,-0.009976,-0.009955
20050310,0.001724,0.000800
20050311,-0.007114,-0.005851
20050314,0.005530,0.007648
20050315,-0.007464,-0.008026
20050316,-0.007990,-0.009949
20050317,0.001737,0.002342
20050318,-0.000502,-0.001955
20050321,-0.004878,-0.002487
20050322,-0.010081,-0.008919
20050323,0.000719,-0.000504
20050324,-0.000852,0.000795
20050328,0.002433,0.000045
20050329,-0.007431,-0.009451
20050330,0.013875,0.014225
20050331,-0.000625,0.002173
20050401,-0.006551,-0.005078
20050404,0.003059,0.001565
20050405,0.004415,0.003522
20050406,0.002461,0.002528
20050407,0.005961,0.006326
20050408,-0.008262,-0.008521
20050411,-0.000000,-0.000513
20050412,0.005603,0.005373
20050413,-0.011597,-0.014267
20050414,-0.009979,-0.013162
20050415,-0.016666,-0.020835
20050418,0.002891,0.004546
20050419,0.006010,0.009642
20050420,-0.013100,-0.014052
20050421,0.019396,0.020001
20050422,-0.006543,-0.008664
20050425,0.008570,0.009680
20050426,-0.008713,-0.010096
20050427,0.004135,0.002619
20050428,-0.011232,-0.012540
20050429,0.011925,0.011416
20050502,0.004631,0.005001
20050503,-0.000665,-0.000055
20050504,0.012439,0.014967
20050505,-0.002367,-0.003606
20050506,-0.001131,0.001063
20050509,0.006458,0.007554
20050510,-0.010715,-0.010364
20050511,0.004677,0.003795
20050512,-0.010012,-0.011451
20050513,-0.004432,-0.005101
20050516,0.010269,0.011562
20050517,0.006984,0.008178
20050518,0.010300,0.014124
20050519,0.004722,0.004925
20050520,-0.001613,0.000920
20050523,0.003976,0.003855
20050524,0.000168,-0.000445
20050525,-0.003358,-0.003850
20050526,0.006507,0.007675
20050527,0.001139,0.001837
20050531,-0.006018,-0.003023
20050601,0.009253,0.008662
20050602,0.001899,0.003030
20050603,-0.006863,-0.005786
20050606,0.001293,0.001407
20050607,-0.000229,0.000044
20050608,-0.002030,-0.001407
20050609,0.005391,0.005364
20050610,-0.002336,-0.001668
20050613,0.002484,0.004317
20050614,0.002762,0.004209
20050615,0.002341,0.002085
20050616,0.003619,0.004800
20050617,0.004866,0.004699
20050620,-0.000713,-0.001289
20050621,-0.002065,-0.001296
20050622,0.000284,0.000588
20050623,-0.010609,-0.009681
20050624,-0.007590,-0.008542
20050627,-0.000732,-0.001493
20050628,0.009353,0.012306
20050629,-0.001211,-0.001023
20050630,-0.007188,-0.004546
20050701,0.002837,0.003400
20050705,0.009008,0.009283
20050706,-0.008070,-0.006507
20050707,0.002497,0.002800
20050708,0.011644,0.012437
20050711,0.006322,0.007811
20050712,0.002328,0.001573
20050713,0.000996,0.000764
20050714,0.002641,0.002190
20050715,0.001158,0.001080
20050718,-0.005504,-0.002387
20050719,0.006830,0.008165
20050720,0.004731,0.007078
20050721,-0.006552,-0.008469
20050722,0.005306,0.006969
20050725,-0.003733,-0.004549
20050726,0.001631,0.003672
20050727,0.004742,0.004184
20050728,0.005863,0.006939
20050729,-0.007682,-0.005868
20050801,0.000921,0.000387
20050802,0.007203,0.006123
20050803,0.000961,0.000363
20050804,-0.007454,-0.008504
20050805,-0.007581,-0.009807
20050808,-0.002689,-0.002931
20050809,0.006739,0.005105
20050810,-0.001457,-0.000590
20050811,0.007088,0.006884
20050812,-0.005903,-0.005015
20050815,0.002992,0.004091
20050816,-0.011857,-0.012995
20050817,0.000958,0.001288
20050818,-0.000895,-0.002354
20050819,0.000640,0.002170
20050822,0.001571,0.001035
20050823,-0.003400,-0.002749
20050824,-0.006498,-0.004144
20050825,0.002300,0.003322
20050826,-0.005892,-0.006323
20050829,0.006149,0.005729
20050830,-0.003078,-0.003729
20050831,0.010111,0.011654
20050901,0.001138,0.000800
20050902,-0.002886,-0.003304
20050906,0.012696,0.011754
20050907,0.002601,0.003500
20050908,-0.003836,-0.005089
20050909,0.007964,0.008867
20050912,-0.000634,0.001548
20050913,-0.007327,-0.006677
20050914,-0.003328,-0.003756
20050915,0.000436,-0.001169
20050916,0.008105,0.006563
20050919,-0.005437,-0.008020
20050920,-0.007777,-0.008858
20050921,-0.009426,-0.011366
20050922,0.003921,0.003833
20050923,0.000583,0.003852
20050926,0.000281,0.000041
20050927,0.000082,0.000635
20050928,0.001141,0.001883
20050929,0.008932,0.008371
20050930,0.001084,0.004899
20051003,-0.001698,0.000358
20051004,-0.009729,-0.009834
20051005,-0.014400,-0.017744
20051006,-0.004052,-0.006821
20051007,0.003791,0.003585
20051010,-0.007146,-0.012457
20051011,-0.001993,-0.005032
20051012,-0.005940,-0.008166
20051013,-0.000604,-0.000770
20051014,0.008305,0.009675
20051017,0.003079,0.004665
20051018,-0.009929,-0.010718
20051019,0.015049,0.012839
20051020,-0.014995,-0.012057
20051021,0.001643,0.003404
20051024,0.016820,0.017327
20051025,-0.002565,-0.003413
20051026,-0.004134,-0.004524
20051027,-0.010454,-0.013538
20051028,0.016582,0.016937
20051031,0.007531,0.011551
20051101,-0.003397,-0.002202
20051102,0.010135,0.012303
20051103,0.004575,0.003805
20051104,0.000318,0.000487
20051107,0.002390,0.002595
20051108,-0.002975,-0.005584
20051109,0.001691,0.002374
20051110,0.008868,0.009033
20051111,0.003021,0.002335
20051114,-0.000733,-0.000984
20051115,-0.003736,-0.004045
20051116,0.002035,0.001987
20051117,0.009403,0.012650
20051118,0.004444,0.003615
20051121,0.005284,0.005288
20051122,0.005041,0.004968
20051123,0.003642,0.003452
20051125,0.002016,0.001850
20051128,-0.008371,-0.008946
20051129,0.000073,0.000758
20051130,-0.006021,-0.003196
20051201,0.012035,0.014325
20051202,0.000414,0.001173
20051205,-0.002464,-0.003679
20051206,0.001262,0.001929
20051207,-0.004769,-0.004499
20051208,-0.001017,0.000164
20051209,0.002859,0.004675
20051212,0.001008,0.001214
20051213,0.005631,0.005016
20051214,0.004246,0.004604
20051215,-0.001405,-0.002499
20051216,-0.002829,-0.001724
20051219,-0.005893,-0.009010
20051220,-0.000320,0.000460
20051221,0.002485,0.004250
20051222,0.004371,0.005114
20051223,0.000513,0.000964
20051227,-0.009530,-0.008958
20051228,0.001441,0.002275
20051229,-0.002898,-0.002233
20051230,-0.004988,-0.005320
20060103,0.016342,0.015027
20060104,0.003929,0.006375
20060105,0.000030,0.000621
20060106,0.009558,0.010100
20060109,0.003710,0.005676
20060110,-0.000341,0.000430
20060111,0.003636,0.002224
20060112,-0.006328,-0.006196
20060113,0.001146,0.001139
20060117,-0.003728,-0.004485
20060118,-0.003854,-0.001077
20060119,0.005627,0.007452
20060120,-0.018241,-0.015819
20060123,0.001950,0.002861
20060124,0.002344,0.006606
20060125,-0.001664,-0.001970
20060126,0.007310,0.008012
20060127,0.007845,0.006934
20060130,0.001335,0.000291
20060131,-0.004011,-0.003774
20060201,0.001961,0.002229
20060202,-0.008613,-0.008613
20060203,-0.005509,-0.005683
20060206,0.000661,0.003149
20060207,-0.008057,-0.008298
20060208,0.009058,0.007172
20060209,-0.001368,-0.001777
20060210,0.002512,0.001566
20060213,-0.003194,-0.003254
20060214,0.010232,0.009979
20060215,0.003883,0.003762
20060216,0.007386,0.008499
20060217,-0.001743,-0.001250
20060221,-0.003293,-0.003404
20060222,0.007579,0.008864
20060223,-0.003422,-0.003036
20060224,0.001313,0.000244
20060227,0.003840,0.003926
20060228,-0.010477,-0.010916
20060301,0.008457,0.009253
20060302,-0.001630,-0.002333
20060303,-0.001350,-0.002227
20060306,-0.006978,-0.008733
20060307,-0.001840,-0.004081
20060308,0.002285,0.001665
20060309,-0.004850,-0.004009
20060310,0.007391,0.008151
20060313,0.002233,0.002512
20060314,0.010362,0.011587
20060315,0.004470,0.006101
20060316,0.002010,0.002125
20060317,0.001535,0.002552
20060320,-0.001426,-0.003133
20060321,-0.006015,-0.006416
20060322,0.005920,0.005655
20060323,-0.002577,-0.001035
20060324,0.000934,0.002170
20060327,-0.001105,-0.000897
20060328,-0.006380,-0.004312
20060329,0.007614,0.009235
20060330,-0.002013,-0.003052
20060331,-0.004063,-0.003553
20060403,0.002188,0.001095
20060404,0.006170,0.005138
20060405,0.004375,0.005492
20060406,-0.001724,-0.001100
20060407,-0.010405,-0.010212
20060410,0.000812,-0.000378
20060411,-0.007567,-0.009431
20060412,0.001394,0.001728
20060413,0.000550,0.001191
20060417,-0.002919,-0.002255
20060418,0.017271,0.018246
20060419,0.001965,0.003444
20060420,0.001136,0.002133
20060421,-0.000266,-0.001655
20060424,-0.002282,-0.002629
20060425,-0.004800,-0.004032
20060426,0.002916,0.002850
20060427,0.003408,0.000774
20060428,0.000100,0.000597
20060501,-0.004031,-0.004312
20060502,0.006039,0.005768
20060503,-0.003800,-0.001997
20060504,0.003363,0.004241
20060505,0.010371,0.010013
20060508,-0.000720,0.000849
20060509,0.000361,-0.001310
20060510,-0.001246,-0.000288
20060511,-0.012815,-0.013208
20060512,-0.011267,-0.011823
20060515,0.002777,0.000654
20060516,-0.001853,-0.003858
20060517,-0.016614,-0.016122
20060518,-0.006341,-0.006015
20060519,0.004031,0.005518
20060522,-0.003831,-0.005575
20060523,-0.004231,-0.005064
20060524,0.001807,0.000540
20060525,0.011702,0.011325
20060526,0.005713,0.006930
20060530,-0.015805,-0.014790
20060531,0.008295,0.010482
20060601,0.012187,0.012805
20060602,0.001775,0.000390
20060605,-0.017662,-0.018959
20060606,-0.001248,-0.003181
20060607,-0.005798,-0.005204
20060608,0.001480,0.000282
20060609,-0.004431,-0.002701
20060612,-0.012692,-0.015717
20060613,-0.009974,-0.011368
20060614,0.005336,0.005033
20060615,0.021331,0.024861
20060616,-0.003563,-0.004224
20060619,-0.008886,-0.010082
20060620,-0.000005,-0.001226
20060621,0.009877,0.011664
20060622,-0.005089,-0.005315
20060623,-0.000932,0.000569
20060626,0.004785,0.004293
20060627,-0.009050,-0.011264
20060628,0.005647,0.004427
20060629,0.021338,0.023200
20060630,-0.001915,0.001359
20060703,0.007766,0.005714
20060705,-0.007197,-0.010169
20060706,0.002682,0.001308
20060707,-0.006829,-0.007838
20060710,0.001585,0.000246
20060711,0.004022,0.003990
20060712,-0.010932,-0.010989
20060713,-0.013027,-0.014332
20060714,-0.005014,-0.006991
20060717,-0.001408,-0.001319
20060718,0.001941,-0.000129
20060719,0.018581,0.019096
20060720,-0.008449,-0.011814
20060721,-0.006885,-0.010856
20060724,0.016584,0.017621
20060725,0.006594,0.007906
20060726,-0.000394,-0.001111
20060727,-0.004172,-0.007067
20060728,0.012285,0.013229
20060731,-0.001443,-0.000650
20060801,-0.004608,-0.006305
20060802,0.006227,0.007029
20060803,0.001721,0.004967
20060804,-0.000524,-0.000989
20060807,-0.002763,-0.003266
20060808,-0.003237,-0.004826
20060809,-0.004188,-0.005860
20060810,0.004947,0.006697
20060811,-0.003864,-0.005618
20060814,0.001338,0.001995
20060815,0.013638,0.016722
20060816,0.007754,0.012646
20060817,0.001772,0.002576
20060818,0.003709,0.001626
20060821,-0.003635,-0.005927
20060822,0.000834,0.000881
20060823,-0.004437,-0.005887
20060824,0.002333,0.000894
20060825,-0.000647,-0.000712
20060828,0.005288,0.006848
20060829,0.002223,0.004262
20060830,0.000460,0.001219
20060831,-0.000227,0.001703
20060901,0.005495,0.004752
20060905,0.001805,0.002330
20060906,-0.009614,-0.011193
20060907,-0.004711,-0.005150
20060908,0.003973,0.005881
20060911,0.000631,0.001166
20060912,0.010463,0.014152
20060913,0.004132,0.005416
20060914,-0.001123,-0.001797
20060915,0.002670,0.003145
20060918,0.000979,0.000280
20060919,-0.002129,-0.002974
20060920,0.005368,0.005489
20060921,-0.005158,-0.006241
20060922,-0.002552,-0.003787
20060925,0.008747,0.010281
20060926,0.007516,0.006265
20060927,0.000458,0.000505
20060928,0.001996,0.001698
20060929,-0.002545,-0.003516
20061002,-0.003403,-0.002970
20061003,0.002115,0.000320
20061004,0.012186,0.012903
20061005,0.002456,0.004625
20061006,-0.002666,-0.003504
20061009,0.000846,0.002410
20061010,0.002046,0.002631
20061011,-0.002461,-0.001945
20061012,0.009524,0.010503
20061013,0.001995,0.001815
20061016,0.002565,0.005454
20061017,-0.003709,-0.005085
20061018,0.001526,0.000025
20061019,0.000659,0.000172
20061020,0.001426,-0.001715
20061023,0.006464,0.005961
20061024,0.000291,0.001537
20061025,0.003275,0.003175
20061026,0.005140,0.006372
20061027,-0.008419,-0.008278
20061030,0.000386,0.002870
20061031,-0.000015,-0.000290
20061101,-0.007139,-0.008158
20061102,-0.000248,-0.000195
20061103,-0.002315,-0.002954
20061106,0.011245,0.011826
20061107,0.002234,0.002262
20061108,0.002314,0.002903
20061109,-0.005225,-0.004900
20061110,0.001826,0.003990
20061113,0.002814,0.003556
20061114,0.006549,0.007236
20061115,0.002726,0.003858
20061116,0.002257,0.003132
20061117,0.000989,-0.000847
20061120,-0.000423,-0.000285
20061121,0.001687,0.003020
20061122,0.002662,0.004366
20061124,-0.003611,-0.002571
20061127,-0.013777,-0.015544
20061128,0.003564,0.002101
20061129,0.009593,0.010336
20061130,0.000798,0.002591
20061201,-0.003011,-0.003736
20061204,0.009028,0.012142
20061205,0.004001,0.004246
20061206,-0.001066,-0.000227
20061207,-0.003949,-0.004339
20061208,0.001852,0.001062
20061211,0.002279,0.000852
20061212,-0.001099,-0.001894
20061213,0.001398,0.000520
20061214,0.008789,0.008524
20061215,0.001108,-0.000829
20061218,-0.003343,-0.005362
20061219,0.002108,0.001104
20061220,-0.001367,0.000103
20061221,-0.003450,-0.004237
20061222,-0.005152,-0.004063
20061226,0.004358,0.003748
20061227,0.007192,0.007040
20061228,-0.001447,-0.002019
20061229,-0.004455,-0.004694
20070103,-0.000577,-0.000828
20070104,0.001357,0.000927
20070105,-0.006051,-0.007084
20070108,0.002530,0.002585
20070109,-0.000404,0.001108
20070110,0.002035,0.003046
20070111,0.006488,0.007434
20070112,0.004768,0.003864
20070116,0.000844,0.000939
20070117,-0.000840,-0.000402
20070118,-0.003100,-0.004031
20070119,0.002931,0.005016
20070122,-0.005257,-0.005134
20070123,0.003411,0.005716
20070124,0.008288,0.007454
20070125,-0.011138,-0.010240
20070126,-0.001127,0.000479
20070129,-0.001034,-0.000258
20070130,0.005623,0.006242
20070131,0.006725,0.007193
20070201,0.005590,0.007805
20070202,0.001626,0.002843
20070205,-0.000778,-0.001087
20070206,0.000741,0.002833
20070207,0.001910,0.003486
20070208,-0.001129,0.000025
20070209,-0.006907,-0.007153
20070212,-0.003290,-0.003518
20070213,0.007652,0.008315
20070214,0.007807,0.008397
20070215,0.001293,0.003111
20070216,-0.000872,-0.000338
20070220,0.003187,0.004410
20070221,-0.001323,-0.000171
20070222,-0.000604,0.000488
20070223,-0.003528,-0.001986
20070226,-0.001129,-0.001404
20070227,-0.034475,-0.033019
20070228,0.005437,0.004532
20070301,-0.002442,-0.003872
20070302,-0.011395,-0.013166
20070305,-0.009370,-0.011658
20070306,0.015522,0.015675
20070307,-0.002255,-0.001592
20070308,0.007116,0.008489
20070309,0.000661,0.002145
20070312,0.002718,0.003003
20070313,-0.020176,-0.020945
20070314,0.006685,0.006444
20070315,0.003798,0.005509
20070316,-0.003769,-0.003628
20070319,0.010897,0.010159
20070320,0.006341,0.006248
20070321,0.017155,0.016187
20070322,-0.000290,-0.001282
20070323,0.001041,0.002794
20070326,0.000892,-0.000371
20070327,-0.006174,-0.006180
20070328,-0.007799,-0.007779
20070329,0.003752,0.002015
20070330,-0.001099,0.000216
20070402,0.002639,0.004106
20070403,0.009587,0.009323
20070404,0.001121,0.000081
20070405,0.003263,0.003448
20070409,0.000651,0.000958
20070410,0.002509,0.001912
20070411,-0.006685,-0.006177
20070412,0.006138,0.006707
20070413,0.003388,0.002430
20070416,0.010952,0.010914
20070417,0.002095,0.001778
20070418,0.000641,0.001680
20070419,-0.001269,-0.001728
20070420,0.009389,0.008441
20070423,-0.002344,0.000791
20070424,-0.000429,0.000676
20070425,0.010189,0.009763
20070426,-0.000516,-0.000090
20070427,-0.000023,-0.001570
20070430,-0.007824,-0.010734
20070501,0.002661,0.003097
20070502,0.006539,0.008338
20070503,0.004588,0.003290
20070504,0.002098,0.001460
20070507,0.002618,0.001993
20070508,-0.001141,-0.001612
20070509,0.003426,0.005528
20070510,-0.013742,-0.014186
20070511,0.009679,0.009202
20070514,-0.001727,-0.002548
20070515,-0.001277,-0.002702
20070516,0.008796,0.006588
20070517,-0.000852,-0.001174
20070518,0.006584,0.006582
20070521,0.001499,0.002499
20070522,-0.000637,0.000327
20070523,-0.001249,-0.002339
20070524,-0.009527,-0.011456
20070525,0.005485,0.005518
20070529,0.001739,0.003109
20070530,0.008322,0.008514
20070531,0.000319,0.002551
20070601,0.003901,0.004515
20070604,0.002141,0.002688
20070605,-0.005428,-0.006187
20070606,-0.008570,-0.009599
20070607,-0.017533,-0.018712
20070608,0.011377,0.012084
20070611,0.000884,0.000627
20070612,-0.010667,-0.010724
20070613,0.015381,0.015693
20070614,0.004733,0.003846
20070615,0.006465,0.006282
20070618,-0.001189,-0.001880
20070619,0.001676,0.000946
20070620,-0.013529,-0.012466
20070621,0.006269,0.006853
20070622,-0.012753,-0.010699
20070625,-0.003234,-0.005176
20070626,-0.003169,-0.004099
20070627,0.009234,0.010005
20070628,-0.000428,-0.000312
20070629,-0.001595,-0.001628
20070702,0.010805,0.011607
20070703,0.003779,0.002148
20070705,0.000328,0.001538
20070706,0.003692,0.004649
20070709,0.000934,-0.000120
20070710,-0.014274,-0.015164
20070711,0.005831,0.004871
20070712,0.019038,0.016618
20070713,0.003147,0.003061
20070716,-0.001885,-0.004173
20070717,-0.000127,-0.000244
20070718,-0.002093,-0.002113
20070719,0.004634,0.005570
20070720,-0.012251,-0.013908
20070723,0.004818,0.001969
20070724,-0.019536,-0.020940
20070725,0.004550,0.001034
20070726,-0.023320,-0.024926
20070727,-0.015898,-0.016334
20070730,0.010073,0.011417
20070731,-0.012550,-0.012026
20070801,0.007327,0.004672
20070802,0.004754,0.005101
20070803,-0.026443,-0.029810
20070806,0.024103,0.021416
20070807,0.006062,0.004900
20070808,0.014568,0.012701
20070809,-0.029120,-0.028451
20070810,0.000021,0.003580
20070813,-0.000312,0.001962
20070814,-0.018283,-0.021612
20070815,-0.013526,-0.017016
20070816,0.003333,0.002845
20070817,0.024407,0.023878
20070820,-0.000256,0.001645
20070821,0.001143,0.003345
20070822,0.011766,0.013600
20070823,-0.001224,-0.002980
20070824,0.011754,0.011428
20070827,-0.008456,-0.011305
20070828,-0.023364,-0.024797
20070829,0.022202,0.023035
20070830,-0.004172,-0.004730
20070831,0.011202,0.012118
20070904,0.010442,0.010004
20070905,-0.011058,-0.012640
20070906,0.004383,0.004518
20070907,-0.016839,-0.018532
20070910,-0.001326,-0.005226
20070911,0.013677,0.012377
20070912,0.000287,-0.001281
20070913,0.008458,0.007269
20070914,0.000330,0.002314
20070917,-0.005170,-0.005752
20070918,0.029183,0.031490
20070919,0.006239,0.007657
20070920,-0.006496,-0.010030
20070921,0.004667,0.002980
20070924,-0.005192,-0.006623
20070925,-0.000401,-0.001867
20070926,0.005509,0.006245
20070927,0.003961,0.004417
20070928,-0.002973,-0.002634
20071001,0.013262,0.014322
20071002,-0.000092,0.002185
20071003,-0.004282,-0.002873
20071004,0.002152,0.000939
20071005,0.009831,0.012955
20071008,-0.003063,-0.004282
20071009,0.008081,0.007267
20071010,-0.001535,-0.001904
20071011,-0.005056,-0.006597
20071012,0.004720,0.004457
20071015,-0.008457,-0.009519
20071016,-0.006575,-0.008205
20071017,0.001908,0.000249
20071018,-0.000697,-0.001154
20071019,-0.025575,-0.025658
20071022,0.003966,0.007209
20071023,0.008701,0.006479
20071024,-0.002508,-0.003183
20071025,-0.000745,-0.001289
20071026,0.013963,0.012133
20071029,0.003907,0.003245
20071030,-0.006263,-0.004925
20071031,0.012035,0.011383
20071101,-0.026067,-0.027293
20071102,0.000885,0.000200
20071105,-0.004961,-0.006031
20071106,0.012028,0.011061
20071107,-0.028590,-0.029231
20071108,-0.000801,0.003656
20071109,-0.014324,-0.011598
20071112,-0.009818,-0.009975
20071113,0.029553,0.029232
20071114,-0.006758,-0.008859
20071115,-0.012981,-0.013459
20071116,0.005210,0.001113
20071119,-0.017348,-0.020596
20071120,0.004561,0.000137
20071121,-0.015786,-0.014419
20071123,0.016904,0.019127
20071126,-0.022838,-0.023606
20071127,0.014914,0.014009
20071128,0.028870,0.031627
20071129,0.000462,-0.001917
20071130,0.007716,0.010725
20071203,-0.005860,-0.005281
20071204,-0.006320,-0.006537
20071205,0.016044,0.014354
20071206,0.015098,0.018209
20071207,-0.001805,0.000125
20071210,0.007546,0.009442
20071211,-0.025220,-0.032237
20071212,0.006185,0.004529
20071213,0.001342,-0.001155
20071214,-0.013665,-0.016168
20071217,-0.014939,-0.013711
20071218,0.006297,0.006520
20071219,-0.001249,-0.002033
20071220,0.005176,0.003877
20071221,0.016810,0.015179
20071224,0.008130,0.009180
20071226,0.000697,-0.001712
20071227,-0.013924,-0.014617
20071228,0.001503,-0.000738
20071231,-0.006912,-0.003890
20080102,-0.014099,-0.017169
20080103,0.000027,-0.006110
20080104,-0.024439,-0.028463
20080107,0.003275,0.002608
20080108,-0.017669,-0.022504
20080109,0.013312,0.008873
20080110,0.007981,0.013679
20080111,-0.013675,-0.013391
20080114,0.010702,0.009922
20080115,-0.024850,-0.026423
20080116,-0.005304,0.002143
20080117,-0.028546,-0.030503
20080118,-0.006024,-0.003882
20080122,-0.010832,-0.001300
20080123,0.021218,0.032189
20080124,0.009964,0.008185
20080125,-0.015850,-0.011414
20080128,0.017468,0.020801
20080129,0.006034,0.010073
20080130,-0.004930,-0.006007
20080131,0.015593,0.019009
20080201,0.013631,0.022230
20080204,-0.010488,-0.011487
20080205,-0.031707,-0.032140
20080206,-0.007301,-0.007039
20080207,0.008203,0.009948
20080208,-0.004220,-0.005101
20080211,0.006018,0.007484
20080212,0.007297,0.005237
20080213,0.013864,0.013729
20080214,-0.013525,-0.014916
20080215,0.000771,0.000711
20080219,-0.000977,-0.001482
20080220,0.008414,0.011477
20080221,-0.012439,-0.015161
20080222,0.007868,0.009770
20080225,0.013771,0.016702
20080226,0.007123,0.009293
20080227,-0.000774,-0.002387
20080228,-0.008874,-0.014138
20080229,-0.026968,-0.030462
20080303,0.000476,-0.000026
20080304,-0.003316,-0.001945
20080305,0.005590,0.005045
20080306,-0.021705,-0.026756
20080307,-0.008193,-0.006483
20080310,-0.015371,-0.019089
20080311,0.037144,0.039720
20080312,-0.008508,-0.010258
20080313,0.005206,0.007178
20080314,-0.020563,-0.022163
20080317,-0.009002,-0.018640
20080318,0.042220,0.045335
20080319,-0.023940,-0.022579
20080320,0.024392,0.025348
20080324,0.015094,0.022894
20080325,0.002309,0.003570
20080326,-0.008733,-0.012770
20080327,-0.011302,-0.011797
20080328,-0.007949,-0.011213
20080331,0.005616,0.007693
20080401,0.035877,0.039897
20080402,-0.001677,0.001801
20080403,0.001268,0.002876
20080404,0.000764,0.000074
20080407,0.001513,0.000497
20080408,-0.004714,-0.006433
20080409,-0.007899,-0.012499
20080410,0.004569,0.004377
20080411,-0.020155,-0.017673
20080414,-0.003200,-0.005205
20080415,0.004797,0.004103
20080416,0.022642,0.024877
20080417,0.000673,0.002600
20080418,0.017938,0.018114
20080421,-0.001447,-0.003805
20080422,-0.008698,-0.014553
20080423,0.003079,0.002986
20080424,0.006420,0.010781
20080425,0.006095,0.010298
20080428,-0.001157,0.001183
20080429,-0.003706,-0.002255
20080430,-0.004070,-0.007474
20080501,0.017263,0.022588
20080502,0.003031,0.002434
20080505,-0.004496,-0.006236
20080506,0.007543,0.009407
20080507,-0.017480,-0.017896
20080508,0.003668,0.001717
20080509,-0.006376,-0.004505
20080512,0.011258,0.015102
20080513,-0.000317,0.001198
20080514,0.004261,0.006877
20080515,0.010659,0.012152
20080516,0.001171,-0.001111
20080519,0.000893,-0.000869
20080520,-0.009345,-0.009682
20080521,-0.016013,-0.017159
20080522,0.002939,0.003364
20080523,-0.013030,-0.014123
20080527,0.006962,0.009094
20080528,0.004128,0.005165
20080529,0.005490,0.007605
20080530,0.001512,0.001220
20080602,-0.010524,-0.011094
20080603,-0.005598,-0.003724
20080604,0.000215,0.001070
20080605,0.019662,0.016276
20080606,-0.030672,-0.033506
20080609,0.000949,-0.003521
20080610,-0.002208,-0.002743
20080611,-0.016778,-0.022479
20080612,0.003623,0.006955
20080613,0.015005,0.017191
20080616,0.000123,0.002551
20080617,-0.006806,-0.010894
20080618,-0.009685,-0.012729
20080619,0.004087,0.008097
20080620,-0.018584,-0.019497
20080623,0.000079,-0.006592
20080624,-0.002672,-0.002146
20080625,0.006073,0.008510
20080626,-0.028951,-0.030951
20080627,-0.003753,-0.004369
20080630,0.001144,-0.003258
20080701,0.004101,0.002528
20080702,-0.017984,-0.020278
20080703,0.001077,-0.003245
20080707,-0.008086,-0.010148
20080708,0.017627,0.024843
20080709,-0.022647,-0.026766
20080710,0.007101,0.001401
20080711,-0.010974,-0.013251
20080714,-0.008822,-0.014761
20080715,-0.010513,-0.007361
20080716,0.025029,0.038002
20080717,0.011775,0.022119
20080718,-0.000109,0.001029
20080721,-0.000674,-0.001304
20080722,0.013621,0.018324
20080723,0.003976,0.008545
20080724,-0.022907,-0.031521
20080725,0.004266,0.002301
20080728,-0.018438,-0.018739
20080729,0.023453,0.029427
20080730,0.016526,0.012706
20080731,-0.012836,-0.009736
20080801,-0.005623,-0.005430
20080804,-0.008737,-0.009066
20080805,0.028818,0.031957
20080806,0.004060,0.003760
20080807,-0.018041,-0.019239
20080808,0.023915,0.028159
20080811,0.007276,0.011836
20080812,-0.011639,-0.014545
20080813,-0.002780,-0.003844
20080814,0.005535,0.011745
20080815,0.004286,0.007100
20080818,-0.014872,-0.018415
20080819,-0.009214,-0.013202
20080820,0.006187,0.003250
20080821,0.002490,0.000662
20080822,0.011538,0.013089
20080825,-0.019459,-0.020014
20080826,0.003619,0.003441
20080827,0.008053,0.011459
20080828,0.014869,0.019720
20080829,-0.013720,-0.010825
20080902,-0.003892,-0.000291
20080903,-0.001604,-0.000732
20080904,-0.029620,-0.031858
20080905,0.004572,0.008074
20080908,0.020415,0.018010
20080909,-0.033590,-0.037873
20080910,0.006030,0.005085
20080911,0.014305,0.012436
20080912,0.001924,0.005117
20080915,-0.046417,-0.049703
20080916,0.017108,0.015149
20080917,-0.047027,-0.050142
20080918,0.042867,0.053164
20080919,0.040156,0.043489
20080922,-0.037926,-0.045453
20080923,-0.015318,-0.014680
20080924,-0.001766,-0.003099
20080925,0.019586,0.016217
20080926,0.003484,-0.002868
20080929,-0.087087,-0.092025
20080930,0.053987,0.054845
20081001,-0.004515,-0.005766
20081002,-0.039695,-0.050793
20081003,-0.013308,-0.015103
20081006,-0.037787,-0.041280
20081007,-0.058158,-0.061975
20081008,-0.010852,-0.011999
20081009,-0.075733,-0.082105
20081010,-0.011172,-0.005486
20081013,0.115127,0.120949
20081014,-0.006054,-0.002563
20081015,-0.089963,-0.098717
20081016,0.043348,0.039052
20081017,-0.006221,-0.001147
20081020,0.047038,0.045297
20081021,-0.030628,-0.033754
20081022,-0.059075,-0.068948
20081023,0.010966,-0.009843
20081024,-0.034157,-0.037346
20081027,-0.031776,-0.036218
20081028,0.107239,0.109076
20081029,-0.011465,-0.000209
20081030,0.027036,0.034857
20081031,0.015319,0.024084
20081103,-0.002754,-0.000563
20081104,0.040260,0.044471
20081105,-0.051925,-0.054464
20081106,-0.049460,-0.055807
20081107,0.029010,0.025916
20081110,-0.012278,-0.024263
20081111,-0.021958,-0.032855
20081112,-0.051133,-0.061537
20081113,0.068893,0.078637
20081114,-0.041756,-0.049956
20081117,-0.025816,-0.031593
20081118,0.010165,-0.000466
20081119,-0.060607,-0.077316
20081120,-0.065964,-0.077545
20081121,0.063255,0.064973
20081124,0.063418,0.093051
20081125,0.006564,0.015495
20081126,0.035613,0.051169
20081128,0.009108,0.011924
20081201,-0.088632,-0.100798
20081202,0.039422,0.045228
20081203,0.026509,0.029553
20081204,-0.028669,-0.031393
20081205,0.037059,0.048915
20081208,0.037990,0.045662
20081209,-0.023012,-0.018955
20081210,0.011769,0.020816
20081211,-0.028211,-0.038343
20081212,0.007111,0.013549
20081215,-0.012718,-0.019616
20081216,0.051028,0.063688
20081217,-0.009393,-0.000488
20081218,-0.020681,-0.023277
20081219,0.003007,0.009979
20081222,-0.017852,-0.029051
20081223,-0.009519,-0.012796
20081224,0.006202,0.006710
20081226,0.005216,0.008440
20081229,-0.003815,-0.009198
20081230,0.024393,0.032376
20081231,0.014115,0.020473
20090102,0.031761,0.040756
20090105,-0.004493,0.004476
20090106,0.007642,0.021902
20090107,-0.029235,-0.033643
20090108,0.002760,0.008299
20090109,-0.020864,-0.025780
20090112,-0.022050,-0.031368
20090113,0.002152,0.001793
20090114,-0.033077,-0.040297
20090115,0.002097,0.007211
20090116,0.008140,0.012579
20090120,-0.051601,-0.065062
20090121,0.042182,0.049885
20090122,-0.015117,-0.023485
20090123,0.005073,0.012191
20090126,0.005666,0.003888
20090127,0.010776,0.014352
20090128,0.032702,0.046003
20090129,-0.032374,-0.042606
20090130,-0.022681,-0.031390
20090202,-0.000561,-0.005002
20090203,0.016112,0.015305
20090204,-0.006878,-0.005423
20090205,0.016832,0.020907
20090206,0.027222,0.035887
20090209,0.001328,0.001770
20090210,-0.048566,-0.057825
20090211,0.008565,0.011978
20090212,0.002087,0.002068
20090213,-0.010061,-0.011445
20090217,-0.044385,-0.054446
20090218,-0.000198,-0.004768
20090219,-0.011212,-0.020648
20090220,-0.010918,-0.008593
20090223,-0.034619,-0.038842
20090224,0.039571,0.054188
20090225,-0.010665,-0.012836
20090226,-0.015827,-0.014717
20090227,-0.022813,-0.023363
20090302,-0.046123,-0.060017
20090303,-0.006363,-0.010231
20090304,0.023934,0.033102
20090305,-0.041599,-0.054806
20090306,0.001256,-0.004347
20090309,-0.009898,-0.006743
20090310,0.062793,0.082052
20090311,0.002968,0.006305
20090312,0.040657,0.048097
20090313,0.007563,0.010586
20090316,-0.003904,-0.004655
20090317,0.032028,0.036533
20090318,0.020635,0.037631
20090319,-0.012424,-0.011015
20090320,-0.019346,-0.027729
20090323,0.070330,0.084234
20090324,-0.018540,-0.020331
20090325,0.007886,0.009556
20090326,0.023394,0.033382
20090327,-0.019026,-0.021747
20090330,-0.035222,-0.047422
20090331,0.013143,0.016798
20090401,0.016712,0.018636
20090402,0.028540,0.044267
20090403,0.009786,0.018138
20090406,-0.008214,-0.011137
20090407,-0.023262,-0.029901
20090408,0.011775,0.019295
20090409,0.037105,0.056509
20090413,0.002745,0.005147
20090414,-0.019820,-0.022643
20090415,0.012109,0.017810
20090416,0.015556,0.023469
20090417,0.004765,0.012822
20090420,-0.042135,-0.053992
20090421,0.020999,0.030544
20090422,-0.007495,0.000660
20090423,0.010041,0.010350
20090424,0.016580,0.024022
20090427,-0.009890,-0.017118
20090428,-0.002899,-0.004156
20090429,0.021661,0.028813
20090430,-0.000906,0.003965
20090501,0.004942,0.006143
20090504,0.033089,0.044189
20090505,-0.003355,-0.001480
20090506,0.017047,0.017342
20090507,-0.013200,-0.019777
20090508,0.023641,0.033734
20090511,-0.020491,-0.025090
20090512,-0.000724,-0.009556
20090513,-0.026245,-0.038894
20090514,0.010117,0.016078
20090515,-0.011213,-0.013009
20090518,0.030394,0.038733
20090519,-0.001501,0.002446
20090520,-0.004993,-0.005650
20090521,-0.016312,-0.019499
20090522,-0.001219,-0.001131
20090526,0.026212,0.031919
20090527,-0.018747,-0.019552
20090528,0.015331,0.013604
20090529,0.013552,0.016568
20090601,0.025957,0.035787
20090602,0.001894,0.000707
20090603,-0.013036,-0.019667
20090604,0.011331,0.015696
20090605,-0.002297,-0.002935
20090608,-0.000884,-0.003114
20090609,0.003606,0.007801
20090610,-0.003454,-0.003004
20090611,0.005926,0.005076
20090612,0.001513,-0.000291
20090615,-0.023675,-0.027886
20090616,-0.012556,-0.015666
20090617,-0.001058,-0.003752
20090618,0.008390,0.006420
20090619,0.003152,0.004482
20090622,-0.029760,-0.036487
20090623,0.002036,0.001091
20090624,0.006794,0.010471
20090625,0.021368,0.024780
20090626,-0.001577,-0.000520
20090629,0.008950,0.008515
20090630,-0.008363,-0.008461
20090701,0.004366,0.005555
20090702,-0.028858,-0.034642
20090706,0.002443,-0.000022
20090707,-0.019517,-0.023526
20090708,-0.000834,-0.003981
20090709,0.003317,0.007631
20090710,-0.003998,-0.002729
20090713,0.024737,0.024913
20090714,0.005312,0.009134
20090715,0.029511,0.032623
20090716,0.008572,0.009801
20090717,-0.000442,-0.001020
20090720,0.011472,0.019014
20090721,0.003635,-0.001203
20090722,-0.000309,0.002761
20090723,0.022959,0.028344
20090724,0.002756,0.006882
20090727,0.002702,0.006173
20090728,-0.002441,-0.002934
20090729,-0.004240,-0.006913
20090730,0.011931,0.015472
20090731,0.000604,0.001552
20090803,0.015225,0.019834
20090804,0.002985,0.007124
20090805,-0.002719,-0.001591
20090806,-0.005613,-0.005401
20090807,0.013280,0.022005
20090810,-0.003309,-0.004869
20090811,-0.011987,-0.012692
20090812,0.011803,0.014442
20090813,0.007030,0.008910
20090814,-0.008446,-0.012456
20090817,-0.023926,-0.027555
20090818,0.010189,0.012672
20090819,0.007065,0.006072
20090820,0.010561,0.012112
20090821,0.018416,0.021424
20090824,-0.000584,-0.002999
20090825,0.002394,0.004278
20090826,0.000280,0.000960
20090827,0.002492,0.004135
20090828,-0.001992,0.001034
20090831,-0.007870,-0.011116
20090901,-0.021736,-0.024847
20090902,-0.003066,-0.004208
20090903,0.008762,0.011716
20090904,0.012967,0.013832
20090908,0.008914,0.011592
20090909,0.007756,0.011474
20090910,0.010279,0.013251
20090911,-0.001158,-0.000008
20090914,0.006246,0.009650
20090915,0.003034,0.007712
20090916,0.015143,0.018789
20090917,-0.002848,-0.006209
20090918,0.002625,0.003506
20090921,-0.003232,-0.004048
20090922,0.006618,0.007915
20090923,-0.010065,-0.012462
20090924,-0.009153,-0.014992
20090925,-0.006288,-0.006840
20090928,0.017755,0.020920
20090929,-0.002221,0.000358
20090930,-0.003397,-0.003474
20091001,-0.025416,-0.030301
20091002,-0.004416,-0.008023
20091005,0.014663,0.019552
20091006,0.013690,0.012861
20091007,0.003153,0.002051
20091008,0.007513,0.012022
20091009,0.005545,0.006039
20091012,0.004357,0.003570
20091013,-0.002409,-0.002796
20091014,0.017430,0.018972
20091015,0.003970,0.004328
20091016,-0.007959,-0.009270
20091019,0.009393,0.011780
20091020,-0.006263,-0.008882
20091021,-0.008705,-0.009579
20091022,0.010585,0.013860
20091023,-0.011542,-0.016167
20091026,-0.011538,-0.012755
20091027,-0.003531,-0.008957
20091028,-0.019478,-0.027513
20091029,0.022410,0.027150
20091030,-0.027946,-0.029740
20091102,0.006402,0.005097
20091103,0.002456,0.008277
20091104,0.001330,-0.001035
20091105,0.019499,0.021895
20091106,0.002607,0.001343
20091109,0.022363,0.025988
20091110,0.000229,-0.002934
20091111,0.005054,0.006153
20091112,-0.009921,-0.012456
20091113,0.005801,0.007129
20091116,0.014478,0.017360
20091117,0.001241,-0.001360
20091118,-0.000216,-0.002220
20091119,-0.013166,-0.016776
20091120,-0.003328,-0.004231
20091123,0.013635,0.012150
20091124,-0.000588,-0.001538
20091125,0.004628,0.008214
20091127,-0.016980,-0.019930
20091130,0.003926,0.003384
20091201,0.012002,0.014151
20091202,0.000517,0.004445
20091203,-0.008319,-0.010092
20091204,0.005461,0.010582
20091207,-0.002519,-0.000434
20091208,-0.010203,-0.009111
20091209,0.003660,0.002495
20091210,0.006023,0.006505
20091211,0.003802,0.005908
20091214,0.006696,0.012524
20091215,-0.005645,-0.004967
20091216,0.000944,0.004437
20091217,-0.011886,-0.011454
20091218,0.006278,0.005899
20091221,0.010349,0.012328
20091222,0.003565,0.005957
20091223,0.002687,0.004959
20091224,0.005245,0.005872
20091228,0.001421,-0.000690
20091229,-0.001191,-0.001511
20091230,0.000206,-0.000067
20091231,-0.010167,-0.010860
20100104,0.015970,0.015689
20100105,0.003066,0.004758
20100106,0.000907,0.004430
20100107,0.003898,0.005285
20100108,0.002791,0.003145
20100111,0.001724,0.001735
20100112,-0.009159,-0.011807
20100113,0.008434,0.010603
20100114,0.002369,0.001458
20100115,-0.010708,-0.011579
20100119,0.012443,0.013326
20100120,-0.010489,-0.010255
20100121,-0.018772,-0.017344
20100122,-0.021872,-0.022356
20100125,0.004539,0.004823
20100126,-0.004003,-0.003937
20100127,0.004791,0.003932
20100128,-0.011755,-0.011548
20100129,-0.009675,-0.011227
20100201,0.014002,0.017414
20100202,0.012781,0.014764
20100203,-0.004936,-0.006768
20100204,-0.031009,-0.033877
20100205,0.003003,0.003487
20100208,-0.008497,-0.007605
20100209,0.012927,0.014492
20100210,-0.002047,-0.002585
20100211,0.009736,0.011684
20100212,-0.002560,-0.001347
20100216,0.018243,0.020262
20100217,0.004566,0.004862
20100218,0.006558,0.006615
20100219,0.001968,0.004648
20100222,-0.000985,-0.000607
20100223,-0.012151,-0.013892
20100224,0.009932,0.009982
20100225,-0.001730,0.000487
20100226,0.001369,0.001910
20100301,0.010000,0.014161
20100302,0.002319,0.003645
20100303,0.000380,0.001595
20100304,0.003904,0.003581
20100305,0.013974,0.016407
20100308,0.000172,0.000690
20100309,0.001957,0.001320
20100310,0.004814,0.006033
20100311,0.004561,0.003741
20100312,-0.000331,0.000274
20100315,0.000615,-0.001037
20100316,0.007975,0.009890
20100317,0.005798,0.007756
20100318,-0.000353,-0.002607
20100319,-0.005293,-0.006973
20100322,0.005316,0.007751
20100323,0.007374,0.007451
20100324,-0.005486,-0.006554
20100325,-0.001421,-0.004689
20100326,0.000754,0.001612
20100329,0.005648,0.007852
20100330,0.000168,0.000869
20100331,-0.003288,-0.003732
20100401,0.007296,0.009263
20100405,0.008011,0.012096
20100406,0.001777,0.002649
20100407,-0.005261,-0.006381
20100408,0.003588,0.001765
20100409,0.006599,0.007137
20100412,0.001863,0.002017
20100413,0.000750,0.001271
20100414,0.011313,0.012455
20100415,0.000692,0.000268
20100416,-0.016104,-0.015935
20100419,0.004724,0.001456
20100420,0.008118,0.012465
20100421,-0.000908,0.001728
20100422,0.002395,0.007950
20100423,0.006917,0.008770
20100426,-0.004461,-0.003845
20100427,-0.023287,-0.026630
20100428,0.006418,0.005597
20100429,0.013004,0.014270
20100430,-0.016708,-0.019265
20100503,0.012927,0.014592
20100504,-0.023775,-0.026640
20100505,-0.006100,-0.006729
20100506,-0.032201,-0.032321
20100507,-0.015477,-0.019594
20100510,0.043619,0.049310
20100511,-0.003092,-0.002906
20100512,0.014100,0.017917
20100513,-0.012071,-0.012300
20100514,-0.018849,-0.021183
20100517,0.001267,0.002529
20100518,-0.013955,-0.015377
20100519,-0.005121,-0.006556
20100520,-0.038569,-0.040872
20100521,0.014701,0.018264
20100524,-0.012638,-0.013005
20100525,0.000262,0.002055
20100526,-0.005595,-0.002071
20100527,0.033149,0.036630
20100528,-0.012146,-0.012498
20100601,-0.017027,-0.024580
20100602,0.025802,0.028611
20100603,0.004262,0.006336
20100604,-0.034767,-0.039546
20100607,-0.013255,-0.016391
20100608,0.010932,0.009880
20100609,-0.005700,-0.002144
20100610,0.029205,0.034716
20100611,0.004718,0.006369
20100614,-0.001693,0.000477
20100615,0.023316,0.026066
20100616,-0.000659,-0.002218
20100617,0.001307,-0.000054
20100618,0.001280,0.000087
20100621,-0.003953,-0.004706
20100622,-0.015842,-0.020178
20100623,-0.002993,-0.001308
20100624,-0.016900,-0.018983
20100625,0.002986,0.007330
20100628,-0.002106,-0.003204
20100629,-0.031193,-0.036019
20100630,-0.010029,-0.010721
20100701,-0.002911,-0.001884
20100702,-0.004509,-0.006335
20100706,0.005406,0.002444
20100707,0.031502,0.034218
20100708,0.009588,0.010326
20100709,0.007205,0.009163
20100712,0.000925,-0.002200
20100713,0.015524,0.018844
20100714,-0.000110,-0.001516
20100715,0.001109,0.001444
20100716,-0.028703,-0.031340
20100719,0.005974,0.007819
20100720,0.011599,0.014589
20100721,-0.012708,-0.014842
20100722,0.022421,0.025502
20100723,0.008242,0.011450
20100726,0.011116,0.014324
20100727,-0.001083,-0.005769
20100728,-0.006875,-0.009448
20100729,-0.004041,-0.004527
20100730,0.000056,0.001221
20100802,0.021847,0.022426
20100803,-0.004813,-0.008327
20100804,0.006417,0.008608
20100805,-0.001333,-0.001667
20100806,-0.003445,-0.004340
20100809,0.005515,0.007289
20100810,-0.005970,-0.008427
20100811,-0.027435,-0.031006
20100812,-0.005483,-0.005702
20100813,-0.003902,-0.003576
20100816,0.000196,-0.000366
20100817,0.012525,0.016043
20100818,0.001444,0.002434
20100819,-0.016935,-0.017322
20100820,-0.003539,-0.002514
20100823,-0.003789,-0.005516
20100824,-0.014424,-0.015560
20100825,0.003523,0.004929
20100826,-0.007759,-0.007474
20100827,0.016560,0.019584
20100830,-0.014556,-0.016881
20100831,-0.000053,-0.001044
20100901,0.029898,0.033290
20100902,0.009295,0.013373
20100903,0.013217,0.014363
20100907,-0.011149,-0.014226
20100908,0.006537,0.006885
20100909,0.004791,0.003724
20100910,0.004883,0.005079
20100913,0.011574,0.013385
20100914,-0.000482,-0.000203
20100915,0.003594,0.003229
20100916,-0.000121,-0.002327
20100917,0.001005,0.001788
20100920,0.015202,0.017556
20100921,-0.002731,-0.004911
20100922,-0.004449,-0.006966
20100923,-0.008259,-0.008121
20100924,0.020923,0.025215
20100927,-0.005518,-0.005516
20100928,0.005024,0.008203
20100929,-0.002404,-0.001098
20100930,-0.003101,-0.001975
20101001,0.004450,0.003701
20101004,-0.007918,-0.008884
20101005,0.020519,0.021966
20101006,0.000064,-0.003411
20101007,-0.001618,-0.001120
20101008,0.006124,0.008640
20101011,0.000207,0.001488
20101012,0.003756,0.003748
20101013,0.007271,0.008293
20101014,-0.003865,-0.005369
20101015,0.002134,0.001797
20101018,0.007369,0.004899
20101019,-0.015835,-0.016329
20101020,0.010449,0.010549
20101021,0.002000,0.000652
20101022,0.002272,0.003590
20101025,0.002280,0.003292
20101026,0.000284,-0.001862
20101027,-0.002547,-0.001814
20101028,0.001309,-0.000431
20101029,-0.000142,0.003006
20101101,0.000741,-0.000735
20101102,0.007736,0.009204
20101103,0.003861,0.002388
20101104,0.019329,0.020314
20101105,0.003985,0.005166
20101108,-0.002001,-0.001605
20101109,-0.007598,-0.009941
20101110,0.004363,0.004972
20101111,-0.004140,-0.001403
20101112,-0.011796,-0.012902
20101115,-0.001374,-0.001345
20101116,-0.015729,-0.016935
20101117,0.000274,0.002311
20101118,0.015283,0.014283
20101119,0.002599,0.004035
20101122,-0.001372,0.001102
20101123,-0.014258,-0.013930
20101124,0.015002,0.017058
20101126,-0.007257,-0.006929
20101129,-0.001086,-0.001880
20101130,-0.005854,-0.004674
20101201,0.021595,0.022079
20101202,0.012843,0.015030
20101203,0.002708,0.003632
20101206,-0.001162,-0.000954
20101207,0.000655,0.000648
20101208,0.003878,0.002543
20101209,0.003980,0.004330
20101210,0.006131,0.007091
20101213,0.000224,-0.001208
20101214,0.001005,0.000286
20101215,-0.004985,-0.005316
20101216,0.006158,0.007954
20101217,0.001119,0.003517
20101220,0.002346,0.003163
20101221,0.006134,0.006721
20101222,0.003422,0.002903
20101223,-0.001591,-0.002494
20101227,0.000807,0.000765
20101228,0.000765,-0.000270
20101229,0.001215,0.001722
20101230,-0.001460,-0.000678
20101231,-0.000271,-0.001106
20110103,0.011326,0.011427
20110104,-0.001235,-0.005422
20110105,0.005164,0.005480
20110106,-0.001714,-0.001822
20110107,-0.001756,-0.001302
20110110,-0.001549,-0.000597
20110111,0.003828,0.004008
20110112,0.009032,0.008958
20110113,-0.001697,-0.001111
20110114,0.007206,0.006987
20110118,0.001383,0.003128
20110119,-0.009960,-0.012881
20110120,-0.001058,-0.001908
20110121,0.002205,0.000880
20110124,0.005643,0.006066
20110125,0.000400,-0.000328
20110126,0.004328,0.006758
20110127,0.002442,0.004468
20110128,-0.017916,-0.019091
20110131,0.007465,0.008400
20110201,0.016543,0.015073
20110202,-0.002470,-0.002388
20110203,0.002366,0.005072
20110204,0.002752,0.005501
20110207,0.006562,0.006089
20110208,0.004594,0.004255
20110209,-0.002729,-0.002465
20110210,0.000743,0.003784
20110211,0.005651,0.006665
20110214,0.002410,0.001625
20110215,-0.003154,-0.003298
20110216,0.006310,0.008281
20110217,0.003255,0.004602
20110218,0.001846,0.001774
20110222,-0.020693,-0.023387
20110223,-0.006134,-0.009231
20110224,-0.000794,0.000807
20110225,0.010295,0.013984
20110228,0.005120,0.004406
20110301,-0.015712,-0.017399
20110302,0.002003,0.003025
20110303,0.017035,0.017841
20110304,-0.007282,-0.006721
20110307,-0.008312,-0.009655
20110308,0.009112,0.010391
20110309,-0.001133,-0.001556
20110310,-0.018768,-0.018543
20110311,0.007396,0.009379
20110314,-0.005895,-0.006354
20110315,-0.011066,-0.009915
20110316,-0.019375,-0.016072
20110317,0.012997,0.011115
20110318,0.004216,0.005409
20110321,0.015061,0.015091
20110322,-0.003354,-0.004490
20110323,0.002918,0.003459
20110324,0.009372,0.010513
20110325,0.003190,0.003854
20110328,-0.002772,-0.004056
20110329,0.007224,0.007897
20110330,0.006716,0.008482
20110331,-0.001745,-0.000970
20110401,0.004890,0.006070
20110404,0.000439,-0.000033
20110405,0.000091,0.002330
20110406,0.002593,0.002082
20110407,-0.001498,-0.002262
20110408,-0.004034,-0.005628
20110411,-0.002772,-0.003568
20110412,-0.007573,-0.007254
20110413,0.000433,0.001715
20110414,0.000054,0.000760
20110415,0.003817,0.006361
20110418,-0.011036,-0.011981
20110419,0.005622,0.005506
20110420,0.013583,0.015219
20110421,0.005128,0.005672
20110425,-0.001706,-0.001820
20110426,0.008942,0.008304
20110427,0.006547,0.005560
20110428,0.003553,0.003113
20110429,0.002295,0.001898
20110502,-0.001740,-0.001591
20110503,-0.003341,-0.005761
20110504,-0.006527,-0.007093
20110505,-0.008979,-0.005357
20110506,0.003920,0.004336
20110509,0.004444,0.005575
20110510,0.008069,0.010484
20110511,-0.010325,-0.010537
20110512,0.005203,0.006372
20110513,-0.008048,-0.008204
20110516,-0.006157,-0.005696
20110517,-0.000168,-0.001929
20110518,0.008827,0.011139
20110519,0.002355,0.002140
20110520,-0.007732,-0.007402
20110523,-0.011920,-0.013051
20110524,-0.000953,-0.001741
20110525,0.003019,0.003484
20110526,0.004271,0.005566
20110527,0.004342,0.005058
20110531,0.010535,0.009323
20110601,-0.022642,-0.024606
20110602,-0.001226,-0.000594
20110603,-0.009755,-0.012310
20110606,-0.010618,-0.012356
20110607,-0.000820,0.001677
20110608,-0.004047,-0.007345
20110609,0.007479,0.007813
20110610,-0.013759,-0.014822
20110613,0.000984,-0.000821
20110614,0.012591,0.015994
20110615,-0.017563,-0.018102
20110616,0.001953,0.000707
20110617,0.003040,0.004262
20110620,0.005518,0.006649
20110621,0.013563,0.015822
20110622,-0.006446,-0.006236
20110623,-0.002688,-0.001740
20110624,-0.011919,-0.011189
20110627,0.009234,0.007723
20110628,0.013170,0.014232
20110629,0.008374,0.008306
20110630,0.010082,0.009482
20110701,0.014493,0.015841
20110705,-0.001209,-0.003097
20110706,0.001501,0.000956
20110707,0.010680,0.011740
20110708,-0.006845,-0.009086
20110711,-0.018035,-0.021121
20110712,-0.004435,-0.004198
20110713,0.003171,0.002630
20110714,-0.006813,-0.010035
20110715,0.005589,0.005668
20110718,-0.008155,-0.011729
20110719,0.016333,0.017240
20110720,-0.000568,-0.000593
20110721,0.013491,0.013446
20110722,0.000963,0.001132
20110725,-0.005609,-0.006445
20110726,-0.003893,-0.004348
20110727,-0.020254,-0.023227
20110728,-0.003160,-0.005099
20110729,-0.006383,-0.004724
20110801,-0.004214,-0.007995
20110802,-0.025575,-0.029931
20110803,0.005456,0.006170
20110804,-0.047724,-0.052704
20110805,-0.000673,-0.003732
20110808,-0.066532,-0.075261
20110809,0.047420,0.052410
20110810,-0.043752,-0.042452
20110811,0.046186,0.050876
20110812,0.005183,0.005382
20110815,0.021687,0.024233
20110816,-0.009121,-0.011537
20110817,0.001027,-0.002037
20110818,-0.044372,-0.050668
20110819,-0.014923,-0.015422
20110822,0.000358,0.000702
20110823,0.034444,0.037238
20110824,0.013181,0.015146
20110825,-0.015560,-0.018747
20110826,0.015294,0.019517
20110829,0.028404,0.034974
20110830,0.002626,0.004648
20110831,0.005099,0.006448
20110901,-0.011889,-0.014811
20110902,-0.025099,-0.028924
20110906,-0.007280,-0.008358
20110907,0.028999,0.035269
20110908,-0.010622,-0.013755
20110909,-0.026629,-0.027527
20110912,0.007051,0.006287
20110913,0.009622,0.012943
20110914,0.013543,0.015726
20110915,0.017299,0.016838
20110916,0.005779,0.003686
20110919,-0.009720,-0.012929
20110920,-0.001807,-0.004953
20110921,-0.029175,-0.034457
20110922,-0.032019,-0.034822
20110923,0.006357,0.008394
20110926,0.023156,0.024941
20110927,0.010558,0.012946
20110928,-0.020290,-0.027303
20110929,0.007897,0.008029
20110930,-0.024876,-0.029121
20111003,-0.028377,-0.035976
20111004,0.022530,0.030962
20111005,0.018252,0.022394
20111006,0.018482,0.023555
20111007,-0.007989,-0.012689
20111010,0.034093,0.036009
20111011,0.000591,0.001073
20111012,0.009968,0.012012
20111013,-0.002927,-0.002990
20111014,0.017325,0.016930
20111017,-0.019308,-0.022993
20111018,0.020517,0.025145
20111019,-0.012532,-0.013779
20111020,0.004446,0.005944
20111021,0.018774,0.024029
20111024,0.013028,0.019569
20111025,-0.020036,-0.024498
20111026,0.010239,0.011792
20111027,0.034398,0.041114
20111028,0.000422,0.001578
20111031,-0.024819,-0.027031
20111101,-0.027867,-0.030271
20111102,0.016246,0.019158
20111103,0.018892,0.020662
20111104,-0.006251,-0.004133
20111107,0.006382,0.004194
20111108,0.012425,0.011746
20111109,-0.036672,-0.041048
20111110,0.008642,0.009166
20111111,0.019601,0.022223
20111114,-0.009364,-0.011101
20111115,0.004751,0.005296
20111116,-0.016475,-0.016615
20111117,-0.016845,-0.020409
20111118,-0.000391,0.000063
20111121,-0.018651,-0.018325
20111122,-0.004026,-0.006342
20111123,-0.021966,-0.024681
20111125,-0.002483,-0.001770
20111128,0.029210,0.031903
20111129,0.002616,0.001554
20111130,0.043306,0.047133
20111201,-0.001804,-0.002229
20111202,-0.000335,-0.001194
20111205,0.010467,0.013056
20111206,0.001124,-0.001069
20111207,0.002279,0.000709
20111208,-0.021152,-0.025032
20111209,0.016955,0.018838
20111212,-0.014885,-0.016016
20111213,-0.008640,-0.013672
20111214,-0.011194,-0.012873
20111215,0.003334,0.004788
20111216,0.003286,0.003648
20111219,-0.011844,-0.015133
20111220,0.029903,0.034160
20111221,0.001644,0.002876
20111222,0.008386,0.010859
20111223,0.009030,0.007830
20111227,-0.000071,-0.000400
20111228,-0.012235,-0.014252
20111229,0.010642,0.011485
20111230,-0.004234,-0.004003
20120103,0.015377,0.015003
20120104,0.000388,-0.000908
20120105,0.002898,0.004018
20120106,-0.002191,-0.001595
20120109,0.002330,0.003337
20120110,0.008934,0.012679
20120111,0.000413,0.001132
20120112,0.002413,0.003980
20120113,-0.004854,-0.006615
20120117,0.003456,0.003102
20120118,0.011388,0.014615
20120119,0.005104,0.007269
20120120,0.000790,-0.001295
20120123,0.000430,0.001295
20120124,-0.000915,0.001501
20120125,0.008514,0.009624
20120126,-0.005659,-0.006659
20120127,-0.001511,-0.000039
20120130,-0.002354,-0.005231
20120131,-0.000399,-0.000375
20120201,0.009247,0.012441
20120202,0.001258,0.002077
20120203,0.014701,0.017378
20120206,-0.000504,-0.001743
20120207,0.001982,0.001433
20120208,0.002557,0.002824
20120209,0.001659,0.002095
20120210,-0.006980,-0.008399
20120213,0.006931,0.006082
20120214,-0.000729,-0.001120
20120215,-0.005095,-0.002379
20120216,0.011271,0.012458
20120217,0.002396,0.002419
20120221,0.000416,-0.002828
20120222,-0.003431,-0.004384
20120223,0.004499,0.006137
20120224,0.001959,0.001576
20120227,0.001445,0.000879
20120228,0.003637,0.000462
20120229,-0.004445,-0.005920
20120301,0.006162,0.006195
20120302,-0.003038,-0.004959
20120305,-0.003730,-0.005451
20120306,-0.015343,-0.017559
20120307,0.007335,0.008250
20120308,0.009749,0.012094
20120309,0.003565,0.006133
20120312,0.000226,-0.002306
20120313,0.018366,0.018525
20120314,-0.001182,-0.003597
20120315,0.006009,0.008482
20120316,0.001061,0.001339
20120319,0.003784,0.002363
20120320,-0.002844,-0.005286
20120321,-0.001863,-0.000434
20120322,-0.007135,-0.009000
20120323,0.003125,0.003508
20120326,0.013918,0.013560
20120327,-0.002600,-0.002750
20120328,-0.004714,-0.007708
20120329,-0.001637,-0.001142
20120330,0.003731,0.003372
20120402,0.007407,0.007935
20120403,-0.003787,-0.004892
20120404,-0.010034,-0.011043
20120405,-0.000117,-0.002264
20120409,-0.011358,-0.013588
20120410,-0.017067,-0.018769
20120411,0.007593,0.010111
20120412,0.013803,0.016522
20120413,-0.012426,-0.012050
20120416,-0.000455,-0.000509
20120417,0.015512,0.015000
20120418,-0.003952,-0.005031
20120419,-0.005824,-0.003463
20120420,0.001365,0.000902
20120423,-0.008768,-0.009883
20120424,0.003325,0.002916
20120425,0.013678,0.013105
20120426,0.007024,0.007615
20120427,0.002703,0.003281
20120430,-0.003842,-0.002732
20120501,0.005573,0.006491
20120502,-0.002329,-0.003190
20120503,-0.007570,-0.009982
20120504,-0.016202,-0.016381
20120507,0.000175,-0.000635
20120508,-0.004166,-0.006080
20120509,-0.006242,-0.004207
20120510,0.002691,0.001376
20120511,-0.003215,-0.002279
20120514,-0.011019,-0.011465
20120515,-0.005451,-0.008058
20120516,-0.004271,-0.007266
20120517,-0.014673,-0.018830
20120518,-0.007276,-0.008976
20120521,0.016123,0.020085
20120522,0.000573,0.000479
20120523,0.001839,0.003889
20120524,0.001519,0.000498
20120525,-0.002080,0.001037
20120529,0.011299,0.013079
20120530,-0.014079,-0.018852
20120531,-0.002107,-0.003700
20120601,-0.024708,-0.028189
20120604,0.000295,-0.001832
20120605,0.005842,0.010286
20120606,0.023074,0.024435
20120607,0.000014,-0.002021
20120608,0.008371,0.007976
20120611,-0.012739,-0.016293
20120612,0.011655,0.012715
20120613,-0.006675,-0.010372
20120614,0.010730,0.010412
20120615,0.010421,0.012505
20120618,0.001494,0.002122
20120619,0.009845,0.012436
20120620,-0.001449,-0.001488
20120621,-0.022090,-0.025592
20120622,0.007080,0.007188
20120625,-0.015577,-0.018119
20120626,0.004758,0.005196
20120627,0.008995,0.010611
20120628,-0.002167,0.000501
20120629,0.025165,0.027728
20120702,0.002405,0.001845
20120703,0.006713,0.009228
20120705,-0.004557,-0.004347
20120706,-0.009039,-0.010985
20120709,-0.001629,-0.005392
20120710,-0.008019,-0.010442
20120711,-0.000020,0.000026
20120712,-0.005030,-0.005953
20120713,0.016617,0.016244
20120716,-0.002319,-0.003947
20120717,0.007375,0.007511
20120718,0.006779,0.008719
20120719,0.002712,0.003719
20120720,-0.009819,-0.012487
20120723,-0.009045,-0.010620
20120724,-0.009039,-0.011772
20120725,-0.000342,0.000050
20120726,0.016661,0.018019
20120727,0.019238,0.022037
20120730,-0.000306,-0.001926
20120731,-0.004437,-0.005888
20120801,-0.003073,-0.004175
20120802,-0.007161,-0.008698
20120803,0.019035,0.022043
20120806,0.002376,0.004186
20120807,0.005174,0.010413
20120808,0.001014,0.002724
20120809,0.000757,0.001909
20120810,0.002143,0.001802
20120813,-0.001029,-0.002090
20120814,0.000231,-0.001588
20120815,0.001656,0.003639
20120816,0.006944,0.008663
20120817,0.001860,0.002501
20120820,-0.000025,-0.001110
20120821,-0.003603,-0.001520
20120822,0.000250,-0.001135
20120823,-0.007941,-0.009487
20120824,0.006713,0.005719
20120827,-0.000408,-0.001832
20120828,-0.000706,-0.000579
20120829,0.001133,0.002433
20120830,-0.007663,-0.007992
20120831,0.005188,0.005378
20120904,-0.000936,-0.001435
20120905,-0.000874,-0.000943
20120906,0.020391,0.022292
20120907,0.003980,0.006933
20120910,-0.006149,-0.005089
20120911,0.003172,0.005337
20120912,0.002367,0.003295
20120913,0.016232,0.014816
20120914,0.003977,0.007753
20120917,-0.003108,-0.006920
20120918,-0.001294,-0.003617
20120919,0.001193,0.002306
20120920,-0.000484,-0.003001
20120921,-0.000169,-0.000334
20120924,-0.002030,-0.003409
20120925,-0.010503,-0.013528
20120926,-0.005556,-0.005729
20120927,0.009570,0.010014
20120928,-0.004490,-0.003860
20121001,0.002744,0.001972
20121002,0.000954,0.001628
20121003,0.003925,0.001962
20121004,0.007282,0.008981
20121005,-0.000038,0.000801
20121008,-0.003278,-0.002034
20121009,-0.009891,-0.009387
20121010,-0.005910,-0.006680
20121011,0.000406,0.003967
20121012,-0.002780,-0.004532
20121015,0.008090,0.007698
20121016,0.010046,0.011647
20121017,0.004109,0.005364
20121018,-0.002436,0.000327
20121019,-0.016531,-0.016304
20121022,0.000366,-0.000458
20121023,-0.014222,-0.011869
20121024,-0.003066,-0.005259
20121025,0.002811,0.004344
20121026,-0.000444,-0.000832
20121031,0.000413,0.001766
20121101,0.010537,0.014129
20121102,-0.009154,-0.009325
20121105,0.002229,0.003507
20121106,0.008013,0.009721
20121107,-0.022660,-0.021436
20121108,-0.012239,-0.012641
20121109,0.001646,0.000808
20121112,0.000100,0.000587
20121113,-0.003709,-0.002838
20121114,-0.013499,-0.013540
20121115,-0.001820,-0.000193
20121116,0.004780,0.005321
20121119,0.019668,0.018030
20121120,0.000824,0.000091
20121121,0.002352,0.002411
20121123,0.013208,0.012669
20121126,-0.001989,-0.002806
20121127,-0.005092,-0.003912
20121128,0.008294,0.008404
20121129,0.004375,0.003999
20121130,0.000293,0.000767
20121203,-0.004802,-0.004739
20121204,-0.001556,0.000201
20121205,0.001820,0.003814
20121206,0.003439,0.003376
20121207,0.003028,0.004160
20121210,0.000365,0.002218
20121211,0.006485,0.005808
20121212,0.000235,0.000843
20121213,-0.005941,-0.005160
20121214,-0.004009,-0.001692
20121217,0.011720,0.011640
20121218,0.011515,0.013405
20121219,-0.007341,-0.005225
20121220,0.005479,0.006033
20121221,-0.009223,-0.009000
20121224,-0.002337,-0.002389
20121226,-0.004947,-0.006005
20121227,-0.001006,-0.000912
20121228,-0.010901,-0.010182
20121231,0.016553,0.018025
20130102,0.025578,0.024008
20130103,-0.002133,-0.000252
20130104,0.004975,0.007865
20130107,-0.003117,-0.003790
20130108,-0.002951,-0.004662
20130109,0.002743,0.003805
20130110,0.007390,0.006669
20130111,0.000159,-0.000482
20130114,-0.000918,0.001000
20130115,0.001293,0.004291
20130116,0.000317,-0.001148
20130117,0.005564,0.008644
20130118,0.003507,0.003904
20130122,0.004449,0.006410
20130123,0.001403,-0.000999
20130124,0.000259,0.004391
20130125,0.005407,0.006950
20130128,-0.001744,-0.002535
20130129,0.004881,0.003611
20130130,-0.003321,-0.003312
20130131,-0.002493,-0.000444
20130201,0.010116,0.009215
20130204,-0.011564,-0.010813
20130205,0.010523,0.009938
20130206,0.000746,0.002532
20130207,-0.001386,-0.001711
20130208,0.005588,0.005721
20130211,-0.000502,-0.000548
20130212,0.001610,0.003229
20130213,0.000983,0.000648
20130214,0.000704,0.001821
20130215,-0.001170,-0.000789
20130219,0.007341,0.007004
20130220,-0.012231,-0.015671
20130221,-0.005861,-0.007839
20130222,0.008866,0.009881
20130225,-0.018177,-0.020126
20130226,0.006274,0.005878
20130227,0.012880,0.014647
20130228,-0.000991,-0.000157
20130301,0.002422,0.002229
20130304,0.004868,0.003980
20130305,0.009539,0.009913
20130306,0.001277,0.001609
20130307,0.001951,0.002485
20130308,0.004417,0.006599
20130311,0.003312,0.003400
20130312,-0.002224,-0.001097
20130313,0.001710,0.003437
20130314,0.005456,0.005717
20130315,-0.001637,-0.001903
20130318,-0.005449,-0.005822
20130319,-0.002378,-0.004228
20130320,0.006749,0.008564
20130321,-0.008470,-0.009175
20130322,0.007165,0.005288
20130325,-0.003289,-0.002953
20130326,0.008104,0.007880
20130327,-0.000459,0.000109
20130328,0.004021,0.006303
