Date,USD_by_INR,GBP_by_INR,EUR_by_INR
20061204,44.59001102,88.24001003,59.39995487
20061205,45.09656173,89.27064243,60.17405418
20061206,44.69418247,87.95234139,59.38214912
20061207,44.65659514,87.93950129,59.4350158
20061208,44.65538381,87.60387718,59.33953968
20061211,44.81484465,87.44176837,59.10735792
20061212,44.80648556,88.0783908,59.39681492
20061213,44.78156561,88.40487165,59.45790905
20061214,44.73314344,87.98676757,59.06676222
20061215,44.78357347,87.72726406,58.74785427
20061218,44.81849267,87.50644736,58.74431719
20061219,44.85168053,88.03187693,59.07064428
20061220,44.81224364,88.3935434,59.22054753
20061221,44.70800106,87.8374507,58.97091403
20061222,44.52032493,87.57468876,58.78575129
20061227,44.38873873,87.18181743,58.46538218
20061228,44.23121463,86.92598367,58.31988549
20061229,44.34702246,87.08831318,58.45926475
20070102,44.24818428,87.29400648,58.77186571
20070103,44.31453395,87.01293093,58.68700685
20070104,44.24590389,86.15955281,58.04253099
20070105,44.31242689,86.04210293,58.03221859
20070108,44.58801217,86.26565438,58.04502008
20070109,44.38556863,86.31869914,57.83478989
20070110,44.53966815,86.42522004,57.90183999
20070111,44.64328653,87.22430641,58.01866998
20070112,44.42222417,86.67255962,57.32675891
20070115,44.33627578,87.24888708,57.4288539
20070116,44.287014,87.13351284,57.41823965
20070117,44.26856349,87.11189867,57.19935579
20070118,44.2383213,87.18651146,57.21784349
20070119,44.22982495,87.41261607,57.36622841
20070122,44.21034046,87.44554545,57.24360491
20070123,44.31605688,88.31215192,57.84180087
20070124,44.35335064,87.57449614,57.73509675
20070125,44.24458134,87.31075407,57.4739394
20070126,44.1794901,86.6979559,57.04888693
20070129,44.28287403,86.77848362,57.27103409
20070130,44.10738235,86.76260581,57.26922894
20070131,44.2461694,86.52825881,57.36971234
20070201,44.10105517,86.93949191,57.47289543
20070202,44.17121217,87.07121446,57.56432402
20070205,44.10396177,86.33041062,57.05730593
20070206,44.11323861,86.98976279,57.20176967
20070207,44.10367922,87.09305637,57.33063596
20070208,44.07260944,86.44153827,57.30789414
20070209,44.03758805,85.91569839,57.33288236
20070212,44.05425111,85.85556996,57.12968923
20070213,44.10961565,85.84682397,57.49288139
20070214,43.98660294,86.08537943,57.59671032
20070215,44.05673088,86.34645698,57.93107231
20070216,43.95598303,85.78172964,57.71940402
20070219,44.05469998,85.80461889,57.90635486
20070220,44.20494307,86.41287855,58.16135766
20070221,44.13382122,86.36363495,58.06777995
20070222,44.12819239,86.18611683,57.88811487
20070223,44.10405294,86.67128554,57.98005492
20070226,44.01691728,86.49034347,57.98005492
20070227,44.15250517,86.81690558,58.46800867
20070228,44.10974089,86.6146864,58.32749117
20070301,44.14323634,86.77231588,58.43364171
20070302,44.1978875,86.06997915,58.23170416
20070305,44.48185591,85.415008,58.24965432
20070306,44.25649026,85.41194219,58.02983881
20070307,44.40954878,85.7407846,58.38611024
20070308,44.44903375,85.90286532,58.51365577
20070309,44.19855679,85.53870186,58.19719481
20070312,44.18047299,85.30965082,58.17780454
20070313,44.1510634,85.54178072,58.41306808
20070314,44.13419394,85.00269444,58.23613679
20070315,44.1484644,85.63238971,58.44498103
20070316,44.07706601,85.95130635,58.7872305
20070319,44.00874555,85.79551677,58.59919958
20070320,43.58953391,85.45257624,58.01046459
20070321,43.35524208,84.99912803,57.68564179
20070322,43.75475683,86.20111282,58.47122283
20070323,43.62703607,85.88991989,58.19574166
20070326,43.42709334,85.28097805,57.65953237
20070327,43.08491291,84.79978607,57.55883336
20070328,43.09356957,84.76076318,57.57471162
20070329,43.84460672,86.2892208,58.59568156
20070330,43.60825994,85.54256523,58.13141331
20070402,43.12473955,85.36358744,57.69405276
20070403,42.88073604,84.82979009,57.3332785
20070404,42.99684044,84.95216072,57.46269234
20070405,42.83666524,84.38842556,57.33866886
20070410,42.77675997,84.52977594,57.4854111
20070411,42.72368885,84.56104701,57.37988032
20070412,42.71523358,84.61620654,57.57802406
20070413,42.50617631,84.58363631,57.57277109
20070416,41.92336486,83.57782034,56.85891047
20070417,41.87454092,83.99889392,56.78850079
20070418,41.93599918,84.17156253,56.98937732
20070419,41.99738129,84.19515402,57.17368162
20070420,41.66263617,83.55477057,56.7388222
20070423,41.54004228,83.16804591,56.36813166
20070424,40.81587183,81.71218964,55.48759599
20070425,40.62662568,81.53050518,55.50277525
20070426,40.97724935,81.77672718,55.76440394
20070427,41.15089548,82.39508114,56.19430222
20070430,41.05888543,81.92782976,55.912486
20070502,41.06005469,81.89976796,55.84421241
20070503,40.93129593,81.70929838,55.77151521
20070504,40.70951418,80.956137,55.257437
20070507,40.94100361,81.80058554,55.79293827
20070508,40.71824498,81.25308735,55.25706193
20070509,40.75562991,81.24346254,55.21397011
20070510,41.27988068,82.13718679,55.89114818
20070511,41.13753277,81.53398231,55.52959369
20070514,40.73288114,80.74762468,55.24022996
20070515,40.74613765,80.64940334,55.21334633
20070516,40.6591663,80.6912623,55.24200401
20070517,40.62956634,80.40539241,54.96591712
20070518,40.42294476,79.75983038,54.52859167
20070521,40.54481727,79.95054173,54.55906953
20070522,40.34597165,79.72271961,54.33187599
20070523,40.35253928,80.22559099,54.48612463
20070524,40.58450463,80.75648905,54.62872406
20070525,40.35884542,80.1708829,54.29669773
20070528,40.57779773,80.55531723,54.64000321
20070529,40.40770543,80.40107961,54.63745896
20070530,40.76468934,80.6125845,54.75701371
20070531,40.43078384,80.08406706,54.44204299
20070601,40.3767649,79.97007825,54.30059885
20070604,40.2903877,80.22574447,54.36994249
20070605,40.29735811,80.49564727,54.5810221
20070606,40.64938748,81.08483287,54.98052576
20070607,40.57596821,80.5976477,54.70658297
20070608,40.80704284,80.34626519,54.52390732
20070611,40.646019,80.11829961,54.33316667
20070612,40.53451144,80.12212886,54.1435372
20070613,40.82212987,80.51861577,54.29073273
20070614,40.68849072,80.17346616,54.1822365
20070615,40.77691687,80.41999114,54.34080243
20070618,40.58038571,80.53169864,54.44445988
20070619,40.66612469,80.89318553,54.55542113
20070620,40.6347413,81.08968239,54.61093335
20070621,40.65532891,81.14220247,54.51652127
20070622,40.66226426,81.307661,54.70490319
20070625,40.83969266,81.72931244,55.02536054
20070626,40.91408982,81.9146837,55.12150457
20070627,40.96427939,81.90545315,55.09891719
20070628,40.75835115,81.76678537,54.94024294
20070629,40.6696174,81.59441572,54.97532192
20070702,40.54238258,81.639188,55.1401457
20070703,40.48070791,81.65945587,55.10893775
20070704,40.47658097,81.72292499,55.17219404
20070705,40.45880276,81.78871956,55.2370529
20070706,40.3777007,81.27124245,54.94850048
20070709,40.38189677,81.43516406,55.05525876
20070710,40.37071827,81.55496547,55.22185558
20070711,40.35444696,82.08955535,55.55100873
20070712,40.44916321,82.32744869,55.82309723
20070713,40.35878631,82.15014426,55.67413065
20070716,40.38267527,82.36289012,55.70304405
20070717,40.31872422,82.58169838,55.57447461
20070718,40.30330856,82.74557485,55.58549803
20070719,40.3497389,82.77330258,55.8151225
20070720,40.30669808,82.87200647,55.68699932
20070723,40.2768256,82.99883738,55.71829452
20070724,40.22323648,83.06550975,55.69247192
20070725,40.31386587,82.91499505,55.4547945
20070726,40.25403174,82.44976114,55.28787575
20070727,40.41273912,82.19949118,55.21865847
20070730,40.51873107,82.06040305,55.39592772
20070731,40.30267133,82.06765024,55.29417069
20070801,40.42133166,81.97208841,55.27895032
20070802,40.31615928,81.9287447,55.13915588
20070803,40.31462734,82.09940487,55.25811593
20070806,40.33075036,82.04128286,55.78078162
20070807,40.36779664,81.92583639,55.73504727
20070808,40.408516,82.32298541,55.79126751
20070809,40.51640159,82.26302652,55.67662175
20070810,40.63911872,82.06163198,55.52390949
20070813,40.62881089,81.93787591,55.51389294
20070814,40.64027896,81.47454007,55.28549497
20070815,40.62651146,80.9127361,54.79912674
20070816,41.23178513,81.91529064,55.32253454
20070817,41.18626053,81.68865934,55.46345218
20070820,41.13543574,81.75737625,55.48559028
20070821,41.08307498,81.58881981,55.54655102
20070822,40.82936479,81.28135682,55.14222061
20070823,41.05763803,82.48778783,55.78339006
20070824,41.10076903,82.53714179,56.01066182
20070827,41.10201743,82.94083675,56.18926486
20070828,41.05307926,82.73198335,56.14701845
20070829,41.0252968,82.68336776,55.97351193
20070830,41.10592796,82.620638,55.99712022
20070831,40.75252594,82.48814899,55.90320053
20070903,40.75722999,82.32539813,55.61185014
20070904,40.85067279,82.26634615,55.52672953
20070905,40.89255939,82.30169627,55.61640813
20070906,40.75055214,82.34643746,55.75365531
20070907,40.4618406,81.92453121,55.46799813
20070910,40.17146587,81.66529456,55.46799813
20070911,40.43316743,82.27928656,55.94671556
20070912,40.41216502,82.17658186,56.16439799
20070913,40.42157813,82.08067794,56.22603166
20070914,40.42330345,81.40234703,56.07872581
20070917,40.56781251,81.18684635,56.34823095
20070918,40.32161578,80.53160132,55.96590726
20070919,40.18212037,80.47864585,56.20665944
20070920,39.76041192,79.93027386,55.83565903
20070921,39.7865983,80.26352138,55.94809749
20070924,39.65682159,80.41229149,56.01964542
20070925,39.6181121,79.89841791,55.93720545
20070926,39.70040745,80.16640757,56.13684646
20070927,39.68082377,80.56548778,56.31965951
20070928,39.71901025,80.92664461,56.36988165
20071001,39.77147821,81.27229281,56.65532923
20071002,39.73000741,81.21880363,56.32981646
20071003,39.45728564,80.62294968,56.06162808
20071004,39.36144823,80.17614775,55.58663828
20071005,39.51172239,80.717728,55.90563647
20071008,39.64353101,80.90456094,55.90563647
20071009,39.7903896,80.83439739,55.90563647
20071010,39.20416659,80.17501512,55.50971403
20071011,39.16454335,79.88655695,55.66137529
20071012,39.2212184,79.68418128,55.63985295
20071015,39.15594179,80.02662623,55.75497005
20071016,39.44325464,80.23497401,55.8640329
20071017,39.69451512,80.93844137,56.41855438
20071018,39.6623392,81.35499549,56.76584421
20071019,39.85400601,81.76725486,56.996283
20071022,39.94746584,81.23588429,56.64213061
20071023,39.67752342,81.39238013,56.60886078
20071024,39.67996512,81.28954703,56.51702404
20071025,39.55188367,81.22589533,56.64734447
20071026,39.37579483,80.89965021,56.69073815
20071029,39.50786396,81.44868232,56.90856399
20071030,39.44735553,81.61870947,56.88457963
20071031,39.39436657,81.72365533,56.96589238
20071101,39.38674791,82.14938583,56.86025831
20071102,39.38673789,82.14799036,57.0810145
20071105,39.39220942,82.08057962,57.12443024
20071106,39.38623893,82.32548441,57.3483665
20071107,39.33666254,82.88390054,57.96521261
20071108,39.48686456,83.28269582,57.96521261
20071109,39.23020269,82.34644649,57.65519601
20071112,39.41381399,81.67359613,57.51475874
20071113,39.50601841,81.99279167,57.76002781
20071114,39.38779593,81.60780858,57.95382717
20071115,39.39621813,80.78052698,57.7256799
20071116,39.41951997,80.7364449,57.80717016
20071119,39.42273916,80.96303808,57.82372836
20071120,39.44101233,81.41698889,58.36768774
20071121,39.44314242,81.29203499,58.48533104
20071122,39.56117154,81.74847677,58.71973814
20071123,39.78339113,81.90302137,58.96993424
20071126,39.87563262,82.5561135,59.25034546
20071127,39.87906623,82.65543638,59.37120593
20071128,39.87389027,82.49009722,58.8566303
20071129,39.84129154,82.25710958,58.77262086
20071130,39.70116992,82.11871065,58.65731723
20071203,39.64427845,81.91464256,58.19629122
20071204,39.49920129,81.55030956,58.27984136
20071205,39.42127234,80.42968516,58.08199847
20071206,39.4534703,80.01961579,57.47390229
20071207,39.361331,80.16416941,57.7139585
20071210,39.38926075,80.6773247,58.02694958
20071211,39.32783856,80.69228758,57.75538758
20071212,39.36863306,80.38831977,57.82711902
20071213,39.39473328,80.5134382,57.8970022
20071214,39.37023614,79.91533706,57.17532029
20071217,39.52533659,79.81175556,56.94164527
20071218,39.52939539,79.8188894,57.03849431
20071219,39.59472911,79.48423438,57.00990984
20071220,39.46442338,78.58627759,56.68008578
20071221,39.4218755,78.44283151,56.74129926
20071224,39.34105499,78.00270895,56.69585072
20071227,39.31316132,78.39753855,57.11997856
20071228,39.37334312,78.82604192,57.90103369
20071231,39.3621095,79.11521939,57.99877026
20080102,39.37860524,78.12403223,57.89300581
20080103,39.3556671,78.05551696,58.11533248
20080104,39.17619977,77.54702259,57.74836656
20080107,39.2621171,77.56063114,57.85929373
20080108,39.22223536,77.569024,57.72985681
20080109,39.19314238,76.95077037,57.58896224
20080110,39.22891621,76.85983434,57.57084861
20080111,39.22603266,76.89931369,58.07702831
20080114,39.21794611,76.96041725,58.46937556
20080115,39.24463145,77.32234053,58.4738082
20080116,39.21132737,77.02341085,58.05525625
20080117,39.24509735,77.36887546,57.70851197
20080118,39.28128498,77.14898272,57.69488413
20080121,39.53920527,77.13956959,57.31385012
20080122,39.46424704,77.11938299,57.25259554
20080123,39.66456949,77.46406711,57.86082409
20080124,39.5360512,77.72100139,58.02554457
20080125,39.34120428,78.01388071,57.90496289
20080128,39.35562402,78.25513782,58.12314776
20080129,39.36276677,78.37009773,58.20461495
20080130,39.36896569,78.53118728,58.35958163
20080131,39.41286917,78.48330804,58.66136076
20080201,39.18066637,77.9277962,58.39026609
20080204,39.17897712,77.54317027,58.15245629
20080205,39.53291216,77.93081085,58.11986239
20080206,39.51262412,77.43690718,57.82505514
20080207,39.47518108,76.87227415,57.56479736
20080208,39.60318638,77.26864769,57.52947769
20080211,39.69101638,77.44917143,57.77227471
20080212,39.73817913,77.63431396,57.82501202
20080213,39.75386031,78.12583801,58.03882643
20080214,39.69140914,78.38049801,58.10656349
20080215,39.73035608,78.06226857,58.35446304
20080218,39.83415281,77.80342117,58.35540573
20080219,39.98370658,78.11971442,58.99871728
20080220,40.28964827,78.37235697,59.10334248
20080221,40.01376842,78.4373299,59.01904421
20080222,40.05253502,78.88995948,59.52522892
20080225,40.04225724,78.81991632,59.38570726
20080226,39.966773,78.9844549,59.50178109
20080227,39.87052379,79.27403265,60.03691532
20080228,39.93633242,79.41819201,60.44380602
20080229,40.07672056,79.53761321,60.84080755
20080303,40.46834211,80.42139262,61.58115265
20080304,40.38303998,80.309649,61.46347425
20080305,40.40433796,79.99614568,61.45544838
20080306,40.36033128,81.05151625,61.88540683
20080307,40.56723139,81.89168509,62.60057919
20080310,40.57193946,81.94218872,62.29514966
20080311,40.50539441,81.58131981,62.35109311
20080312,40.3881468,81.64461537,62.56678086
20080313,40.50894424,82.50400674,63.15937986
20080314,40.52571651,82.26539509,63.12062841
20080317,40.79344768,81.98247064,64.39100521
20080318,40.58129045,81.97862432,64.06018431
20080319,40.31224776,80.5941796,63.31672132
20080320,40.4364237,80.23248003,62.42300908
20080325,40.19063274,80.2162541,62.63090162
20080326,40.04278025,79.92354533,62.96562463
20080327,40.13942621,81.03872932,63.42293905
20080328,39.85756386,79.71625292,63.01747341
20080331,40.09411803,79.76625394,63.45569141
20080401,40.0495643,79.61195914,62.77585877
20080402,40.05771298,79.51602311,62.67636519
20080403,40.13128655,79.65731028,62.36569473
20080404,40.09317021,80.35032718,63.09301672
20080407,40.04345855,79.71198124,62.89855447
20080408,40.00310891,78.83277547,62.83917824
20080409,40.08762654,79.13063975,63.1003426
20080410,39.93849057,79.24544315,63.46122918
20080411,40.0468601,79.1909317,63.46507314
20080414,39.98618435,79.55836964,63.51300075
20080415,40.0476957,78.85283266,63.44635479
20080416,39.91039451,78.96124663,63.62830739
20080417,39.96293962,79.21963656,63.48807871
20080418,39.87581798,79.68205447,62.98247366
20080421,39.94679154,79.4164053,63.56638289
20080422,39.86404433,79.50577029,63.56638289
20080423,39.84153701,79.14458337,63.56638289
20080424,40.27358035,79.68510724,63.56638289
20080425,40.25719683,79.97647272,62.84342835
20080428,40.16670671,80.09799162,62.83082042
20080429,40.52418857,80.08238668,63.15881024
20080430,40.53577286,79.82438498,63.05108621
20080502,40.79256098,81.04989706,63.11569636
20080505,41.28247567,81.38616524,63.88197438
20080506,41.45780403,81.78923521,64.4354589
20080507,41.37724702,81.05855678,63.90438024
20080508,41.73354461,81.68966154,64.10794644
20080509,41.56509047,81.04506761,64.31098112
20080512,42.04246303,82.34084156,64.93176145
20080513,42.15814563,82.28119466,65.29187383
20080514,42.52221818,82.6740058,65.71101646
20080515,42.62547286,82.8438303,66.01990785
20080516,42.62716612,83.11636752,66.12493018
20080519,42.5152668,83.13793654,66.28752962
20080520,42.67207152,83.90292579,66.79682319
20080521,42.79089617,84.21585828,67.47109598
20080522,42.88345627,85.19537108,67.62562542
20080523,42.74225758,84.80740746,67.34734427
20080526,42.69521306,84.58737829,67.35441342
20080527,42.93499444,85.00901066,67.72838731
20080528,42.72243043,84.43783569,66.94834907
20080529,42.75309643,84.63063773,66.54708038
20080530,42.46525657,83.89240612,65.91627348
20080602,42.43389022,83.31770287,65.92280208
20080603,42.68694915,84.25128266,66.62357039
20080604,42.69531425,83.67136471,66.09389172
20080605,42.92926241,83.8347486,66.18105014
20080606,42.69828496,83.65547084,66.65835754
20080609,42.84136628,84.9101894,67.68360667
20080610,43.07225255,84.40107906,66.9360801
20080611,42.9418346,84.28776642,66.68612468
20080612,42.90896736,83.71770401,66.21418558
20080613,43.01733087,83.78999036,66.03264114
20080616,43.03325051,84.60595875,66.58687781
20080617,42.82103316,83.53343528,66.33565578
20080618,42.86420823,83.82016793,66.47118607
20080619,43.01477896,84.7977024,66.65301632
20080620,43.01000478,85.13211264,67.20096306
20080623,43.0671317,84.55571194,66.90656798
20080624,43.02809559,84.79916408,67.04834307
20080625,42.717532,84.38141914,66.69695655
20080626,42.80425487,85.1336325,67.39790136
20080627,42.86431845,85.30213978,67.5654128
20080630,43.01413973,85.69807592,67.87045623
20080701,43.33005862,86.53518497,68.41664195
20080702,43.21391113,86.00522491,68.36733642
20080703,43.22542228,86.02538944,68.7273455
20080704,43.21601718,85.74927177,67.78670953
20080707,43.37594692,85.36306376,67.95073504
20080708,43.3326436,85.67843005,68.03904072
20080709,43.09086838,85.12208254,67.78018293
20080710,43.03692758,85.07378095,67.66518216
20080711,42.97451549,85.26217488,68.11333748
20080714,42.8583199,85.27214077,67.98064929
20080715,43.21991769,86.98023429,69.17282419
20080716,43.09274098,86.34473346,68.52932612
20080717,42.92617948,86.07632545,68.09687957
20080718,42.71288005,85.28169736,67.61742304
20080721,42.66855576,85.26355731,67.7266293
20080722,42.86533541,86.10004236,68.30069348
20080723,42.07115424,84.23397928,66.2857004
20080724,42.31287837,84.18101879,66.39549835
20080725,42.35742107,84.59747661,66.70705433
20080728,42.6309514,84.81089763,67.18903105
20080729,42.74106328,85.10386523,67.18717275
20080730,42.42955287,84.18471061,66.20485298
20080731,42.44336645,84.09045796,66.31986779
20080801,42.33106536,83.7860056,65.98762183
20080804,42.58084198,83.83275021,66.3428894
20080805,42.28300588,82.69852627,65.54449986
20080806,42.20772102,82.5866422,65.38977687
20080807,42.27768665,82.63396465,65.46854838
20080808,42.19647438,81.22484296,63.66603191
20080811,42.23857038,81.22525627,63.46742384
20080812,42.42632967,80.73164153,63.30366009
20080813,42.7159209,80.25817025,63.71865289
20080814,42.99009947,80.68324765,64.14485163
20080815,42.73544647,79.70864457,63.00349056
20080818,43.65269343,81.54941872,64.24652541
20080819,43.65182376,81.35675914,64.12727553
20080820,43.90803677,81.6704621,64.75417831
20080821,43.49635762,81.2978817,64.49534058
20080822,43.52858162,81.01888682,64.51697925
20080825,43.78594183,81.27225669,64.71874331
20080826,43.83374582,80.56132846,64.04792337
20080827,43.87476976,81.12144505,64.85003652
20080828,43.76801834,80.44303288,64.70977475
20080829,43.77697959,80.23349528,64.56527992
20080901,44.21069714,79.74276677,64.70048628
20080902,44.49231503,79.54699623,64.64502019
20080903,44.14632127,78.48680825,63.81090282
20080904,44.62822856,79.63118768,64.71741854
20080905,44.56166347,78.54724166,63.54595768
20080908,44.83423796,79.04976993,63.78656445
20080909,44.82302739,79.05212446,63.45656188
20080910,45.14032894,79.42921529,63.67985932
20080911,45.60686465,80.12840095,63.60761642
20080912,45.90598121,81.20324182,64.63131513
20080915,46.131939,82.32871575,65.3419285
20080916,47.02373399,84.23153948,67.15106083
20080917,46.66082568,83.575841,66.43199136
20080918,46.4566468,84.91651865,67.43399123
20080919,45.92639549,83.1506683,65.44153038
20080922,45.5128277,83.84045988,66.3783234
20080923,45.82865542,85.02185076,67.5728831
20080924,46.03976964,85.4660303,67.69522679
20080925,46.3149772,86.07346129,68.14624026
20080926,46.48677778,85.74240077,68.11984102
20080929,46.58063838,84.08610302,66.90062605
20080930,46.57575899,84.40161377,66.67916986
20081001,46.59545289,82.95877818,65.67198522
20081002,47.10213384,83.29514266,65.54690873
20081003,47.17251727,83.39226349,65.31906032
20081006,47.8710023,84.56377375,65.32793361
20081007,48.02146382,84.33151343,65.52364943
20081008,48.04095733,84.58124064,66.02629505
20081009,47.69868372,82.76743581,65.32194153
20081010,48.70228385,82.97932192,66.19424374
20081013,48.14282334,83.71028929,65.72297153
20081014,47.97815348,84.58360922,66.04082647
20081015,48.55260183,85.34125196,66.21435105
20081016,48.72241459,84.192957,65.87047695
20081017,48.97356585,84.79965063,65.70512567
20081020,49.03721633,85.41675058,65.88868785
20081021,48.9582073,83.17778206,64.60643923
20081022,49.63473407,80.98395001,63.80508423
20081023,50.17432835,81.28786364,64.33299988
20081024,49.98592282,78.20726461,63.02073571
20081027,49.83820258,77.11509728,62.15606625
20081028,50.01565604,78.61864818,62.70778876
20081029,50.05239473,80.42063119,63.97626212
20081030,49.51023952,81.72406765,64.59652697
20081031,49.7129666,80.69643386,63.4777232
20081103,48.57008748,78.24858385,62.33439753
20081104,47.68817551,75.80744532,61.19301339
20081105,47.40203191,75.74025929,61.06306602
20081106,47.83632657,75.98161071,61.14371589
20081107,47.60666165,75.21158334,60.78345006
20081110,47.39886481,74.92970323,61.15861635
20081111,48.34302156,75.73553819,61.68007359
20081112,49.42478208,75.33536348,61.9867607
20081113,48.9882982,72.77469441,61.41482058
20081114,48.91277388,72.19854954,62.0545118
20081117,49.27270846,73.632904,62.43717546
20081118,49.68706477,74.75303582,62.92742375
20081119,49.89160033,75.15330583,63.09158063
20081120,50.19221778,74.85058,63.00953779
20081121,49.88276433,74.84273389,62.9206344
20081124,50.20204368,75.38471944,64.18261626
20081125,49.70471172,74.68020975,63.73583686
20081126,49.63067025,76.01639202,64.25688695
20081127,49.16540198,75.9805784,63.48226514
20081128,49.87712948,76.58741049,63.53756977
20081201,49.89486561,74.84758442,62.96586331
20081202,50.06737456,75.15429801,63.62957801
20081203,50.25046987,74.30520761,63.49007139
20081204,49.66455545,72.75320062,62.73487094
20081205,49.57722241,72.54781733,62.84785898
20081208,49.54504249,73.7102425,63.74433609
20081209,49.1788178,72.57099851,63.19439466
20081210,48.69474634,72.16551583,62.99640436
20081211,47.99157029,71.60001702,63.47975398
20081212,49.00319386,73.35008889,65.43096426
20081215,47.76535701,71.8407976,64.590922
20081216,47.81962143,73.35370847,65.52585371
20081217,48.03852264,73.6201883,67.6000756
20081218,47.27504957,72.7580983,69.16137757
20081219,47.21965297,70.96852402,65.88532125
20081222,47.92396521,71.07240447,67.01194933
20081223,48.91130204,72.52052298,68.43170689
20081224,48.4666264,71.59423852,67.94054199
20081229,48.18821568,70.36188254,68.82843964
20081230,48.18450554,69.81881051,67.9935982
20081231,48.52178453,70.98605813,67.59047523
20090102,48.37248726,69.88466427,67.1355767
20090105,48.49939746,70.48110209,65.9330513
20090106,48.74799982,70.91765321,65.05118483
20090107,48.74734055,73.3792482,66.33354978
20090108,48.44027669,73.93436979,66.02237789
20090109,48.43068724,74.15891642,66.33409434
20090112,48.78764009,73.05697281,65.40684653
20090113,49.21204673,71.71704656,65.32562303
20090114,48.92778376,71.05040807,64.51242126
20090115,49.0130879,71.62138541,64.19318137
20090116,48.73505491,72.81481481,64.7314736
20090119,48.41999768,70.64104897,63.88651232
20090120,48.75055874,67.7856015,63.09300769
20090121,49.29652629,67.89185356,63.70091433
20090122,48.97424515,67.43943365,63.64720926
20090123,49.3584795,67.36446973,63.21282018
20090126,48.73945838,67.47590536,63.37134901
20090127,48.74419049,68.75300355,64.27522822
20090128,48.88244452,69.99310432,64.87831311
20090129,48.78422252,69.82053002,64.02038989
20090130,48.92440525,69.92458804,62.75974283
20090202,48.7003341,68.87826844,62.19933156
20090203,48.36300601,68.9125963,62.19933156
20090204,48.80223518,70.36826396,62.61279501
20090205,48.89107011,71.52922044,62.78059927
20090206,48.68148082,71.64320524,62.35066891
20090209,48.64549658,72.74290969,63.33682261
20090210,48.99699894,72.52964316,63.59340792
20090211,49.09228729,70.663242,63.57458326
20090212,48.83978242,69.49760254,62.73429531
20090213,48.76995306,70.82256991,62.59578352
20090216,48.84548339,69.79439337,62.40915961
20090217,49.7229408,71.06585651,62.87829974
20090218,50.0145449,71.30790817,63.05682256
20090219,49.65913101,71.60002304,63.15051359
20090220,49.95112186,71.48011028,62.9518614
20090223,49.90853992,72.8413708,63.93226271
20090224,50.03402238,72.68407139,63.91772227
20090225,50.02877628,72.14517272,64.07126188
20090226,50.51710593,72.53857675,64.63092702
20090227,51.53061011,73.04749748,65.21580803
20090302,52.36075848,73.92594784,66.01485746
20090303,52.09636674,73.46213247,65.78059477
20090304,51.62928197,72.9089541,64.88075708
20090305,51.61919857,72.88652631,64.86808496
20090306,51.80781551,73.77785489,65.63923086
20090309,52.00954567,71.79466597,65.41067945
20090310,51.65611761,71.63999797,66.09333413
20090311,51.52106574,71.26868965,65.93600772
20090312,52.01649405,71.52192109,66.54922449
20090313,51.44656239,72.10063819,66.45344149
20090316,51.5533679,73.13234703,67.29833859
20090317,51.46137088,71.9768731,66.66315321
20090318,51.36595628,71.90911023,67.50612883
20090319,50.39264844,73.34395525,68.95576454
20090320,50.80954564,73.36880077,68.90578108
20090323,50.36690792,73.5648823,68.35086748
20090324,50.60988045,74.34964483,68.42224492
20090325,50.62358281,74.00478114,68.37489797
20090326,50.69307052,74.13736746,69.04211565
20090327,50.5507136,72.4751929,67.26958364
20090330,51.25518814,72.87433229,67.68376312
20090331,51.04831508,73.07914979,67.99818327
20090401,50.70851724,73.05506671,67.23087531
20090402,50.15569149,73.67126175,67.23087531
20090403,50.02747278,73.95564288,67.22424943
20090406,50.12652437,74.83138356,67.7135791
20090407,50.03799402,73.3774655,66.38695199
20090408,50.70775778,74.69542244,67.15373645
20090409,50.08286737,73.59585944,66.53671985
20090414,49.89685745,74.40030998,66.30458222
20090415,49.77443087,74.42671147,65.62874597
20090416,49.89554592,74.44270264,65.90330452
20090417,49.80457588,73.76311371,65.09520831
20090420,50.20046164,73.26129872,65.1503625
20090421,50.44684173,73.51044006,65.29843654
20090422,50.50116826,73.70814178,65.44457907
20090423,50.02034807,72.88149622,65.33717194
20090424,50.00042272,73.11839037,66.22199684
20090427,50.27864909,73.35577207,66.05200634
20090428,50.61935467,73.9584007,65.82573643
20090429,50.22640756,74.23160706,66.69222708
20090430,49.43482841,73.55319991,65.68567523
20090504,49.96566985,74.35561694,66.13095937
20090505,49.39675315,74.82924672,66.26794881
20090506,49.48923911,74.49945929,65.99078786
20090507,49.24110064,74.47171349,65.86198574
20090508,49.24478373,74.31880713,66.1725138
20090511,49.50487319,74.87641468,67.26031623
20090512,49.44853178,75.83059039,67.72325668
20090513,49.6900966,75.3272766,67.7556801
20090514,49.93159429,75.50264183,67.78510897
20090515,49.63803442,75.44817653,67.16300588
20090518,48.02434236,73.52636102,64.86422596
20090519,47.5987855,73.77122568,64.85163307
20090520,47.61741435,73.95388425,65.24877499
20090521,47.56725783,74.61744489,65.56569928
20090522,47.29168157,75.34509964,66.13729743
20090525,47.35195154,75.45724856,66.40168799
20090526,47.71994163,75.86057635,66.43052619
20090527,47.66527544,76.20529357,66.3210291
20090528,47.70824111,76.07950501,66.16592402
20090529,47.32658172,76.53389322,66.78297372
20090601,47.06388124,77.20106039,66.98698619
20090602,47.09685168,77.6032676,67.11876679
20090603,47.07126044,77.88735278,66.93624055
20090604,47.29416936,76.81721193,66.72303388
20090605,47.14064294,76.11106802,66.89335031
20090608,47.5692687,75.8341869,66.02079839
20090609,47.6063721,77.0838884,66.51544421
20090610,47.28770091,77.79388364,66.74704131
20090611,47.5283139,78.14423589,66.45395496
20090612,47.47868139,77.97407933,66.55088823
20090615,47.96484286,78.51316861,66.49299623
20090616,47.87037709,78.91084632,66.55369925
20090617,48.08240408,78.18733181,66.60784357
20090618,48.12913199,78.1562674,67.05796549
20090619,48.26014208,79.46893641,67.29846596
20090622,48.43550451,79.76720198,67.18425243
20090623,48.76683305,79.60990256,68.22957979
20090624,48.52808566,80.26281813,68.14327079
20090625,48.67967835,79.31171826,67.92248652
20090626,48.32384265,79.8367034,68.18054303
20090629,48.20368144,79.95226725,67.82766226
20090630,47.9907377,79.7053731,67.89309676
20090701,47.90636434,78.97134594,67.59152021
20090702,47.94738227,78.67434644,67.42383027
20090703,48.04854994,78.71228085,67.37372044
20090706,48.63778474,78.58623445,67.65469728
20090707,48.57056139,78.92827511,68.15430023
20090708,48.9781156,78.81570584,68.14770343
20090709,48.76103089,79.36790207,68.28002858
20090710,49.06342576,79.59252494,68.26640274
20090713,49.0465042,79.08532171,68.60613904
20090714,48.91632671,79.9095716,68.50238634
20090715,48.63780678,80.00645567,68.58943945
20090716,48.67506347,80.16053879,68.84173353
20090717,48.77892332,79.53021453,68.79332556
20090720,48.2769885,79.90148272,68.69913009
20090721,48.51518984,79.84686994,69.06723224
20090722,48.58132009,79.82194116,69.00577207
20090723,48.60500467,80.36277502,69.22428386
20090724,48.3244348,79.39930055,68.81501739
20090727,48.29248431,79.73739358,68.97253534
20090728,48.31016534,79.82897266,68.80436803
20090729,48.39771981,79.37235532,68.32353157
20090730,48.48920083,80.04353936,68.20515117
20090731,47.90877899,79.26618454,67.79632995
20090803,47.56885591,80.2223757,68.10091607
20090804,47.73579614,81.03138281,68.72693133
20090805,47.37659997,80.70970432,68.33307777
20090806,47.80316176,80.69109377,68.75693283
20090807,47.85552351,80.30131633,68.76997701
20090810,47.9237528,79.84119176,68.12451634
20090811,48.10301374,79.485053,68.20600761
20090812,48.47338741,80.00317217,68.75057371
20090813,48.22048677,80.37009144,68.98554341
20090814,48.27022448,80.18314013,69.06153099
20090817,49.00748612,80.02274279,69.02737464
20090818,48.78933535,80.41783925,68.86172852
20090819,49.17368091,80.71879742,69.45833896
20090820,48.70720131,80.41500718,69.43808824
20090821,48.67064898,80.66805102,69.8098067
20090824,48.64491847,80.35397084,69.73881737
20090825,48.82025385,80.10944527,69.99506973
20090826,48.95789369,79.67238854,69.92778997
20090827,49.00353251,79.51812082,69.98316781
20090828,48.70952578,79.75402681,70.03133409
20090831,48.63235028,78.85284069,69.47254444
20090901,49.09160398,79.81813498,70.33497653
20090902,49.03248322,79.77768954,69.78893822
20090903,48.91082412,80.26000813,70.17877432
20090904,48.9525444,80.16686002,69.88095147
20090907,48.64579616,79.90689404,69.7741581
20090908,48.50336409,80.45417755,70.26410653
20090909,48.52346577,80.2410916,70.53121283
20090910,48.533463,80.71058916,70.6574747
20090911,48.51877274,81.12936339,70.87405098
20090914,48.74288297,80.84798387,71.04042016
20090915,48.7468496,80.40952464,71.29016196
20090916,48.32082785,79.78222605,70.9573173
20090917,48.24808588,79.81298249,71.04850018
20090918,48.27105408,78.94419706,71.04850018
20090921,48.11303502,77.88922978,70.58957718
20090922,48.00858003,78.53158455,71.02257329
20090923,48.04959895,79.07789795,71.09768337
20090924,47.98168728,77.91146394,70.92515764
20090925,48.22379013,77.09918034,70.80999441
20090928,48.24754684,76.70638826,70.74829355
20090929,48.2050611,77.01615763,70.19867103
20090930,47.81852933,77.10361554,70.08569503
20091001,47.82087585,76.42947102,69.59133502
20091002,47.79595189,75.85033659,69.54549637
20091005,47.5602233,75.89468852,69.57857465
20091006,46.95647858,74.74524188,69.19352219
20091007,46.74628512,74.3614787,68.75277699
20091008,46.44636702,74.62669248,68.63244502
20091009,46.42689755,74.29955653,68.54326485
20091012,46.53846223,73.71907277,68.77784845
20091013,46.36354165,73.34502267,68.97876409
20091014,46.13031287,73.88809871,68.71026482
20091015,46.24999516,75.2530942,68.8098306
20091016,46.49382334,75.92012293,69.19586286
20091019,46.31764233,75.67004359,69.16082299
20091020,46.21746857,75.99073792,69.25642447
20091021,46.66990214,77.46396377,69.70082609
20091022,46.75906471,77.57471823,70.20372845
20091023,46.56009285,76.34408275,69.99820066
20091026,46.72604016,76.42776256,70.2430074
20091027,47.03551065,77.16902888,70.02558471
20091028,47.23634108,77.20916633,69.90378355
20091029,47.27863847,78.00017886,69.98057542
20091030,47.01089128,77.94707089,69.6407278
20091102,47.15468396,77.2125301,69.72158426
20091103,47.5089316,77.59598027,69.70326003
20091104,47.01426978,77.76030819,69.46220799
20091105,47.04534056,78.22165968,70.00725747
20091106,47.00660703,78.06993209,69.92609314
20091109,46.5109583,78.08565341,69.75673744
20091110,46.66497867,77.81907326,69.9036612
20091111,46.40305267,77.37911523,69.8410668
20091112,46.74971472,77.65326963,69.54862529
20091113,46.4585735,77.60229047,69.13875108
20091116,46.22909194,77.41007531,69.24607898
20091117,46.38418737,77.95183414,69.0605502
20091118,46.31318976,77.97562929,69.33496332
20091119,46.7976229,77.91503637,69.61989643
20091120,46.8201763,77.24283508,69.42850392
20091123,46.6006038,77.53659121,69.81655694
20091124,46.51168871,77.19242977,69.68800053
20091125,46.17929011,77.22444523,69.71690392
20091126,46.64792085,77.27013044,70.36836669
20091127,46.74114323,76.79871072,69.79318834
20091130,46.49880692,76.73149059,69.92002584
20091201,46.38346699,76.9444983,69.98336537
20091202,46.44780979,77.60641166,70.15483108
20091203,46.19847001,76.93066603,69.91695208
20091204,46.33571711,77.26353232,69.88349272
20091207,46.71661403,76.42483519,69.14400505
20091208,46.91155713,76.51142832,69.37149444
20091209,46.71243098,76.35776754,69.04897821
20091210,46.75946748,76.26327113,68.94065547
20091211,46.62439558,76.11081822,68.867513
20091214,46.7988653,76.20925526,68.60995091
20091215,46.82950024,76.09593158,68.1580098
20091216,46.67936936,76.51040002,68.02827604
20091217,46.87928203,75.65035858,67.3013923
20091218,46.98177224,76.03608003,67.42031725
20091221,46.86618483,75.60388385,67.39986396
20091222,46.91195791,75.10368202,67.04778849
20091223,46.88639872,74.90859166,66.99717924
20091224,46.79705381,74.89416047,67.44096711
20091228,46.63302519,74.61574846,67.23725249
20091229,46.69884985,74.76098426,67.46303902
20091230,46.86262598,74.42218698,67.25402931
20091231,46.47887757,75.49059126,67.01964929
20100104,46.35572661,74.9233228,66.76319434
20100105,46.33577121,74.41145364,66.98026202
20100106,45.95317803,73.47789291,66.00404564
20100107,45.79227542,72.9047687,65.56209702
20100108,45.73085824,73.1533673,65.33226596
20100111,45.32304653,73.34477789,65.90646653
20100112,45.75142381,73.93831642,66.31416052
20100113,45.61131622,74.34473411,66.4854417
20100114,45.72452105,74.47651987,66.2980496
20100115,45.76797265,74.76432496,65.84797481
20100118,45.59770202,74.59149484,65.58017955
20100119,45.96232663,75.1614188,65.69055013
20100120,46.05438176,74.9739719,65.14448976
20100121,46.06512243,74.56199041,64.84614945
20100122,46.40359672,74.9463174,65.65239237
20100125,46.32910038,74.82531013,65.62119044
20100126,46.51900178,75.12412645,65.58285919
20100127,46.39114376,75.37064941,65.34223938
20100128,46.48255766,75.6200556,65.13135834
20100129,46.2648297,74.65949245,64.67346225
20100201,46.40884883,73.89986437,64.62859137
20100202,46.2303193,73.83540407,64.49102728
20100203,46.09191398,73.65607314,64.514786
20100204,46.36713356,73.63047623,64.26419177
20100205,46.81327101,73.48880984,64.15156576
20100208,46.90812954,73.31239826,64.20643515
20100209,46.74400874,73.15095559,64.37948437
20100210,46.58918783,72.85235195,64.0729888
20100211,46.53903232,72.84783951,63.90152911
20100212,46.49728299,72.70383664,63.16471306
20100215,46.40350855,72.87009172,63.19988832
20100216,46.25522823,72.61871221,63.19238795
20100217,46.1840653,73.04189555,63.45111536
20100218,46.38752279,72.3972013,62.99239392
20100219,46.41956044,71.54155292,62.81287828
20100222,46.24141164,71.71673757,63.06705773
20100223,46.29716091,71.50435085,62.91602627
20100224,46.43683768,71.78179277,62.96640184
20100225,46.45104302,71.22037804,62.71599715
20100226,46.18192518,70.29136887,62.7270677
20100301,46.03966745,68.76405692,62.32647394
20100302,45.98017097,68.8185443,62.35178308
20100303,45.90007985,69.21989476,62.67044131
20100304,45.8848786,69.38756237,62.77369059
20100305,45.67748955,68.82946525,62.09677626
20100308,45.55855369,69.06225827,62.29989519
20100309,45.73444715,68.49246372,62.05976578
20100310,45.46198587,67.97561763,61.9312204
20100311,45.70239948,68.78238658,62.47372764
20100312,45.51442778,69.06398681,62.70878861
20100315,45.65353846,68.80645661,62.62627643
20100316,45.5715006,69.0460193,62.59584369
20100317,45.495313,69.92130754,62.64146873
20100318,45.5123608,69.63028917,62.22761718
20100319,45.41030944,68.86601522,61.57901656
20100322,45.57649321,68.38119863,61.4531077
20100323,45.64286392,68.61031088,61.76188677
20100324,45.5634461,68.01959437,60.82895877
20100325,45.59313022,68.17100293,60.95073184
20100326,45.345638,67.33401928,60.60625904
20100329,45.05002318,67.56124147,60.74324046
20100330,45.17521507,68.26732219,60.96178234
20100331,45.04056999,68.31637317,60.76655993
20100401,44.88886808,68.41128693,60.51246872
20100406,44.57831952,67.76243336,59.77257189
20100407,44.63168221,67.83283768,59.5939528
20100408,44.55302786,67.7869097,59.29271522
20100409,44.40785051,68.2472018,59.4906604
20100412,44.48261236,68.563167,60.48574456
20100413,44.63164914,68.88422851,60.67946469
20100414,44.35096004,68.59670834,60.43990491
20100415,44.54204873,68.84935992,60.38377192
20100416,44.38894513,68.58665517,60.13622838
20100419,44.82800497,68.47253193,60.26889048
20100420,44.57661224,68.67425352,60.17184288
20100421,44.64647968,68.79421945,59.76118143
20100422,44.58341533,68.70026576,59.5250434
20100423,44.58074018,68.50846995,59.39652911
20100426,44.44659306,68.74200735,59.2622875
20100427,44.52523739,68.33492755,59.2289906
20100428,44.68737437,68.0571937,59.24339063
20100429,44.60317135,68.21646744,59.18086944
20100430,44.44020476,68.07754684,59.22708115
20100503,44.54995294,68.03079722,59.02999342
20100504,44.6924311,67.85151044,58.55224576
20100505,45.11251943,68.27045221,58.35756187
20100506,45.53739899,68.84114864,58.00926617
20100507,45.66978472,67.14501741,58.26476238
20100510,45.06365741,67.7251079,58.49732823
20100511,45.34636439,67.07134964,57.63428441
20100512,45.17796236,67.56079404,57.36598471
20100513,45.12953217,66.67909428,56.85729186
20100514,45.3099373,66.12255115,56.65373468
20100517,45.70074429,66.06044137,56.48825604
20100518,45.66795219,66.16076945,56.80883474
20100519,46.34830633,66.36230945,56.9221818
20100520,46.89840082,67.00433116,57.89820262
20100521,47.05368462,67.64896021,58.85759505
20100524,47.08856373,67.69978887,58.25551201
20100525,47.74208624,68.57562587,58.40934145
20100526,47.31952114,68.23466468,58.29968592
20100527,46.97270279,68.11077719,57.61850343
20100528,46.57772678,67.95188568,57.73542167
20100531,46.44065403,67.43537967,57.20758725
20100601,47.1807922,68.79318815,57.40150796
20100602,47.09040628,69.12078457,57.58848588
20100603,46.681262,68.61540116,57.32175265
20100604,47.14250152,68.79768555,56.90665254
20100607,47.19443244,68.53271755,56.49223237
20100608,47.01852296,67.8961493,56.2016622
20100609,47.06249757,68.5245464,56.57454698
20100610,47.03452375,68.74165523,56.70569277
20100611,46.88795873,68.65286908,56.91382999
20100614,46.57615476,68.75803063,57.10411033
20100615,46.60713437,68.75500996,57.18407825
20100616,46.64999885,69.02031203,57.325387
20100617,46.39437598,68.78763839,57.41062996
20100618,46.09869202,68.33351603,57.08626446
20100621,45.83381334,68.1757441,56.84541701
20100622,46.25227655,68.06789796,56.74869032
20100623,46.32214499,69.16353841,56.89468844
20100624,46.56180414,69.8438356,57.14710286
20100625,46.37000609,69.30581474,57.06022324
20100628,46.29002919,69.74438031,57.170307
20100629,46.57941903,70.20029139,56.87033704
20100630,46.53462384,69.94402525,57.15566326
20100702,46.64975037,71.02647648,58.59046469
20100705,46.86676094,71.06214664,58.78327523
20100706,46.9318091,71.26112545,59.09034443
20100707,47.14171701,71.30525567,59.29800931
20100708,46.9529057,71.22843583,59.49757811
20100709,46.7553145,70.76595071,59.13955769
20100712,46.90101686,70.59601586,59.01871327
20100713,47.09722941,71.25786802,59.25147869
20100714,46.81272496,71.36801754,59.52142609
20100715,46.71088901,71.79733551,59.97637276
20100716,47.01962909,72.40051491,61.1822808
20100719,47.20760579,72.19757643,61.22369484
20100720,47.45536152,72.01569534,61.00826784
20100721,47.2575539,72.24677187,60.62625303
20100722,47.26359853,72.1541043,60.79012208
20100723,47.00167454,72.4984082,60.67435112
20100726,47.14969035,73.17629067,61.02588104
20100727,46.72186613,72.73987899,60.94915435
20100728,46.86676294,73.10660364,60.94584091
20100729,46.61586316,72.90578295,60.97884497
20100730,46.52178614,72.686762,60.66486508
20100802,46.21600075,73.23913881,60.47428289
20100803,46.22534272,73.74399654,61.17127744
20100804,46.21631936,73.77041308,61.08994864
20100805,46.19923048,73.54038992,60.9656273
20100806,46.24424109,73.49647036,60.98799405
20100809,46.17169349,73.78334145,61.24816859
20100810,46.58123653,73.33986817,61.23194635
20100811,46.80165666,73.68328825,60.97360504
20100812,46.89764937,73.18899132,60.03779382
20100813,46.84378974,73.10292788,60.01104157
20100816,46.89522771,73.31220464,60.17551033
20100817,46.70729209,73.07712932,60.12135599
20100818,46.58031276,72.96520512,60.0511559
20100819,46.45898229,72.76960212,59.69012691
20100820,46.74244774,72.62897205,59.46949808
20100823,46.76031612,72.81228873,59.4594695
20100824,46.99551168,72.43002033,59.32107505
20100825,46.98647129,72.49836205,59.31906934
20100826,46.9391342,72.97831206,59.63517027
20100827,46.98571383,72.88497636,59.78840702
20100830,47.00540873,73.20673109,59.75230413
20100831,47.15303479,72.58316545,59.84556995
20100901,46.90509871,72.33667158,60.09427881
20100902,46.81499934,72.15165646,60.0631902
20100903,46.69964638,72.02479246,59.98998155
20100906,46.63003944,71.70697131,60.0872588
20100907,46.91073055,71.98120797,59.83854994
20100908,46.74656165,72.29499119,59.4092263
20100909,46.56179212,71.7838634,59.25829612
20100910,46.32883186,71.68923255,59.00818325
20100913,46.48817146,71.68635232,59.56476962
20100914,46.50972693,71.72661418,59.82049849
20100915,46.44011799,72.29000222,60.37708486
20100916,46.19915834,72.26064426,60.47536497
20100917,45.91760457,71.84584677,60.02407873
20100920,45.8009952,71.52198931,59.9358272
20100921,45.75572609,71.09630195,60.0872588
20100922,45.68278473,71.4704012,61.10716571
20100923,45.67484245,71.64079954,60.90910119
20100924,45.34373734,71.34908796,60.87149401
20100927,45.10645676,71.57549254,60.84642255
20100928,45.24679681,71.75402591,60.95874268
20100929,45.01351192,71.18395246,61.32478596
20100930,44.96268913,71.45024971,61.42206322
20101001,44.58601133,70.62829516,61.25558874
20101004,44.64117046,70.77062266,61.23753729
20101005,44.75593028,71.25029478,61.73094358
20101006,44.4706744,70.70531063,61.67578637
20101007,44.30027451,70.84744251,61.94495355
20101008,44.51046997,70.65808249,61.81117225
20101011,44.52597581,71.03915105,62.10902116
20101012,44.75075232,70.95119957,61.96119985
20101013,44.56203218,70.67557447,62.2574442
20101014,44.20533483,70.98924734,62.39182721
20101015,44.18467207,71.03302946,62.30959283
20101018,44.46884287,70.73627071,61.85128658
20101019,44.49213469,70.1119607,61.71890928
20101020,44.45535592,69.95289964,61.67678923
20101021,44.38048786,69.96554612,62.26145563
20101022,44.6553247,70.2156997,62.28050994
20101025,44.44443991,69.95667473,62.41790153
20101026,44.64095805,70.91750172,62.16217266
20101027,44.62110585,70.69337343,61.64770634
20101028,44.59038374,71.07996366,61.84627228
20101029,44.48192604,71.05401662,61.69584354
20101101,44.52564417,71.63057081,62.06399283
20101102,44.43562395,71.28769648,62.34770145
20101103,44.41542007,71.61146466,62.30156996
20101104,44.27010446,72.08890564,63.11689377
20101105,44.10645456,71.66615869,62.17721553
