PERMNO,date,TICKER,RET
10107,20000131,MSFT,-0.16167
10107,20000229,MSFT,-0.086845
10107,20000331,MSFT,0.188811
10107,20000428,MSFT,-0.343529
10107,20000531,MSFT,-0.103047
10107,20000630,MSFT,0.278721
10107,20000731,MSFT,-0.127344
10107,20000831,MSFT,0
10107,20000929,MSFT,-0.136079
10107,20001031,MSFT,0.141969
10107,20001130,MSFT,-0.166969
10107,20001229,MSFT,-0.244009
10107,20010131,MSFT,0.407781
10107,20010228,MSFT,-0.033777
10107,20010330,MSFT,-0.073093
10107,20010430,MSFT,0.238857
10107,20010531,MSFT,0.021107
10107,20010629,MSFT,0.055218
10107,20010731,MSFT,-0.093288
10107,20010831,MSFT,-0.138087
10107,20010928,MSFT,-0.103068
10107,20011031,MSFT,0.136408
10107,20011130,MSFT,0.104213
10107,20011231,MSFT,0.031771
10107,20020131,MSFT,-0.03834
10107,20020228,MSFT,-0.084288
10107,20020328,MSFT,0.033768
10107,20020430,MSFT,-0.133477
10107,20020531,MSFT,-0.025832
10107,20020628,MSFT,0.074445
10107,20020731,MSFT,-0.122852
10107,20020830,MSFT,0.022926
10107,20020930,MSFT,-0.108802
10107,20021031,MSFT,0.222451
10107,20021129,MSFT,0.078736
10107,20021231,MSFT,-0.103675
10107,20030131,MSFT,-0.082012
10107,20030228,MSFT,0.002107
10107,20030331,MSFT,0.021519
10107,20030430,MSFT,0.055762
10107,20030530,MSFT,-0.037167
10107,20030630,MSFT,0.041853
10107,20030731,MSFT,0.030031
10107,20030829,MSFT,0.004165
10107,20030930,MSFT,0.048265
10107,20031031,MSFT,-0.053957
10107,20031128,MSFT,-0.01645
10107,20031231,MSFT,0.064566
10107,20040130,MSFT,0.01023
10107,20040227,MSFT,-0.040506
10107,20040331,MSFT,-0.060309
10107,20040430,MSFT,0.048135
10107,20040528,MSFT,0.003827
10107,20040630,MSFT,0.08883
10107,20040730,MSFT,-0.002451
10107,20040831,MSFT,-0.038961
10107,20040930,MSFT,0.012821
10107,20041029,MSFT,0.011573
10107,20041130,MSFT,0.068645
10107,20041231,MSFT,-0.003357
10107,20050131,MSFT,-0.016467
10107,20050228,MSFT,-0.039574
10107,20050331,MSFT,-0.039348
10107,20050429,MSFT,0.046752
10107,20050531,MSFT,0.022925
10107,20050630,MSFT,-0.037209
10107,20050729,MSFT,0.030998
10107,20050831,MSFT,0.072237
10107,20050930,MSFT,-0.060263
10107,20051031,MSFT,-0.001166
10107,20051130,MSFT,0.080156
10107,20051230,MSFT,-0.055275
10107,20060131,MSFT,0.076482
10107,20060228,MSFT,-0.042273
10107,20060331,MSFT,0.012653
10107,20060428,MSFT,-0.112459
10107,20060531,MSFT,-0.058385
10107,20060630,MSFT,0.028698
10107,20060731,MSFT,0.032618
10107,20060831,MSFT,0.071904
10107,20060929,MSFT,0.064202
10107,20061031,MSFT,0.049726
10107,20061130,MSFT,0.026123
10107,20061229,MSFT,0.01703
10107,20070131,MSFT,0.03349
10107,20070228,MSFT,-0.083927
10107,20070330,MSFT,-0.01065
10107,20070430,MSFT,0.074273
10107,20070531,MSFT,0.028393
10107,20070629,MSFT,-0.039756
10107,20070731,MSFT,-0.016288
10107,20070831,MSFT,-0.005519
10107,20070928,MSFT,0.025409
10107,20071031,MSFT,0.249491
10107,20071130,MSFT,-0.084216
10107,20071231,MSFT,0.059524
10107,20080131,MSFT,-0.08427
10107,20080229,MSFT,-0.162273
10107,20080331,MSFT,0.043386
10107,20080430,MSFT,0.004933
10107,20080530,MSFT,-0.003156
10107,20080630,MSFT,-0.028602
10107,20080731,MSFT,-0.065067
10107,20080829,MSFT,0.065319
10107,20080930,MSFT,-0.021986
10107,20081031,MSFT,-0.163357
10107,20081128,MSFT,-0.08867
10107,20081231,MSFT,-0.038576
10107,20090130,MSFT,-0.12037
10107,20090227,MSFT,-0.047953
10107,20090331,MSFT,0.137461
10107,20090430,MSFT,0.102885
10107,20090529,MSFT,0.037512
10107,20090630,MSFT,0.137865
10107,20090731,MSFT,-0.010517
10107,20090831,MSFT,0.053571
10107,20090930,MSFT,0.043408
10107,20091030,MSFT,0.078149
10107,20091130,MSFT,0.065272
10107,20091231,MSFT,0.036382
10107,20100129,MSFT,-0.075459
10107,20100226,MSFT,0.022001
10107,20100331,MSFT,0.021538
10107,20100430,MSFT,0.042595
10107,20100528,MSFT,-0.150811
10107,20100630,MSFT,-0.10814
10107,20100730,MSFT,0.121686
10107,20100831,MSFT,-0.085819
10107,20100930,MSFT,0.043682
10107,20101029,MSFT,0.088812
10107,20101130,MSFT,-0.046784
10107,20101231,MSFT,0.105018
10107,20110131,MSFT,-0.006628
10107,20110228,MSFT,-0.035528
10107,20110331,MSFT,-0.044771
10107,20110429,MSFT,0.020874
10107,20110531,MSFT,-0.028935
10107,20110630,MSFT,0.039584
10107,20110729,MSFT,0.053846
10107,20110831,MSFT,-0.023358
10107,20110930,MSFT,-0.064286
10107,20111031,MSFT,0.069908
10107,20111130,MSFT,-0.031919
10107,20111230,MSFT,0.014855
10107,20120131,MSFT,0.137519
10107,20120229,MSFT,0.081612
10107,20120330,MSFT,0.016226
10107,20120430,MSFT,-0.007441
10107,20120531,MSFT,-0.081993
10107,20120629,MSFT,0.047962
10107,20120731,MSFT,-0.036613
10107,20120831,MSFT,0.052596
10107,20120928,MSFT,-0.034393
10107,20121031,MSFT,-0.040995
10107,20121130,MSFT,-0.05939
10107,20121231,MSFT,0.003558
10107,20130131,MSFT,0.027717
10107,20130228,MSFT,0.021129
10107,20130328,MSFT,0.028957
11703,20000131,DD,-0.104364
11703,20000229,DD,-0.138136
11703,20000331,DD,0.048267
11703,20000428,DD,-0.103896
11703,20000531,DD,0.040316
11703,20000630,DD,-0.107143
11703,20000731,DD,0.035714
11703,20000831,DD,-0.001931
11703,20000929,DD,-0.076602
11703,20001031,DD,0.095023
11703,20001130,DD,-0.05978
11703,20001229,DD,0.141802
11703,20010131,DD,-0.095265
11703,20010228,DD,0.00755
11703,20010330,DD,-0.068437
11703,20010430,DD,0.110319
11703,20010531,DD,0.034521
11703,20010629,DD,0.039655
11703,20010731,DD,-0.112355
11703,20010831,DD,-0.03503
11703,20010928,DD,-0.084208
11703,20011031,DD,0.065832
11703,20011130,DD,0.117529
11703,20011231,DD,-0.041272
11703,20020131,DD,0.03905
11703,20020228,DD,0.068372
11703,20020328,DD,0.006618
11703,20020430,DD,-0.056204
11703,20020531,DD,0.041573
11703,20020628,DD,-0.034783
11703,20020731,DD,-0.056081
11703,20020830,DD,-0.029826
11703,20020930,DD,-0.105185
11703,20021031,DD,0.14361
11703,20021129,DD,0.090182
11703,20021231,DD,-0.049753
11703,20030131,DD,-0.10684
11703,20030228,DD,-0.022445
11703,20030331,DD,0.059722
11703,20030430,DD,0.094442
11703,20030530,DD,-0.00094
11703,20030630,DD,-0.011865
11703,20030731,DD,0.055235
11703,20030829,DD,0.026172
11703,20030930,DD,-0.105722
11703,20031031,DD,0.009748
11703,20031128,DD,0.034901
11703,20031231,DD,0.10685
11703,20040130,DD,-0.043365
11703,20040227,DD,0.03508
11703,20040331,DD,-0.06365
11703,20040430,DD,0.01729
11703,20040528,DD,0.01397
11703,20040630,DD,0.028241
11703,20040730,DD,-0.034894
11703,20040831,DD,-0.006065
11703,20040930,DD,0.012778
11703,20041029,DD,0.001636
11703,20041130,DD,0.065314
11703,20041231,DD,0.082304
11703,20050131,DD,-0.030377
11703,20050228,DD,0.128049
11703,20050331,DD,-0.038649
11703,20050429,DD,-0.080601
11703,20050531,DD,-0.004882
11703,20050630,DD,-0.075253
11703,20050729,DD,-0.007673
11703,20050831,DD,-0.064199
11703,20050930,DD,-0.010109
11703,20051031,DD,0.064335
11703,20051130,DD,0.034301
11703,20051230,DD,-0.005848
11703,20060131,DD,-0.078823
11703,20060228,DD,0.037292
11703,20060331,DD,0.048956
11703,20060428,DD,0.044776
11703,20060531,DD,-0.027211
11703,20060630,DD,-0.021867
11703,20060731,DD,-0.046635
11703,20060831,DD,0.017146
11703,20060929,DD,0.071804
11703,20061031,DD,0.069094
11703,20061130,DD,0.032751
11703,20061229,DD,0.037929
11703,20070131,DD,0.01745
11703,20070228,DD,0.031073
11703,20070330,DD,-0.025626
11703,20070430,DD,-0.00526
11703,20070531,DD,0.071588
11703,20070629,DD,-0.028287
11703,20070731,DD,-0.080842
11703,20070831,DD,0.051145
11703,20070928,DD,0.016615
11703,20071031,DD,-0.001009
11703,20071130,DD,-0.059584
11703,20071231,DD,-0.044637
11703,20080131,DD,0.024722
11703,20080229,DD,0.036521
11703,20080331,DD,0.007324
11703,20080430,DD,0.04598
11703,20080530,DD,-0.012063
11703,20080630,DD,-0.10478
11703,20080731,DD,0.02145
11703,20080829,DD,0.023739
11703,20080930,DD,-0.093159
11703,20081031,DD,-0.204963
11703,20081128,DD,-0.205056
11703,20081231,DD,0.009577
11703,20090130,DD,-0.09249
11703,20090227,DD,-0.16507
11703,20090331,DD,0.190298
11703,20090430,DD,0.24944
11703,20090529,DD,0.035125
11703,20090630,DD,-0.100105
11703,20090731,DD,0.20726
11703,20090831,DD,0.045587
11703,20090930,DD,0.006577
11703,20091030,DD,-0.009956
11703,20091130,DD,0.099623
11703,20091231,DD,-0.026316
11703,20100129,DD,-0.031482
11703,20100226,DD,0.046611
11703,20100331,DD,0.104389
11703,20100430,DD,0.069817
11703,20100528,DD,-0.081827
11703,20100630,DD,-0.043683
11703,20100730,DD,0.175773
11703,20100831,DD,0.01254
11703,20100930,DD,0.094432
11703,20101029,DD,0.059615
11703,20101130,DD,0.002538
11703,20101231,DD,0.061502
11703,20110131,DD,0.016038
11703,20110228,DD,0.090766
11703,20110331,DD,0.001823
11703,20110429,DD,0.033109
11703,20110531,DD,-0.054235
11703,20110630,DD,0.014071
11703,20110729,DD,-0.048659
11703,20110831,DD,-0.053287
11703,20110930,DD,-0.171949
11703,20111031,DD,0.202652
11703,20111130,DD,0.001248
11703,20111230,DD,-0.040654
11703,20120131,DD,0.111621
11703,20120229,DD,0.007271
11703,20120330,DD,0.040315
11703,20120430,DD,0.010586
11703,20120531,DD,-0.089226
11703,20120629,DD,0.047866
11703,20120731,DD,-0.017204
11703,20120831,DD,0.009658
11703,20120928,DD,0.010452
11703,20121031,DD,-0.114382
11703,20121130,DD,-0.021339
11703,20121231,DD,0.042617
11703,20130131,DD,0.054948
11703,20130228,DD,0.018546
11703,20130328,DD,0.026305
12490,20000131,IBM,0.040556
12490,20000229,IBM,-0.083563
12490,20000331,IBM,0.148418
12490,20000428,IBM,-0.055085
12490,20000531,IBM,-0.03583
12490,20000630,IBM,0.020373
12490,20000731,IBM,0.026241
12490,20000831,IBM,0.175142
12490,20000929,IBM,-0.147727
12490,20001031,IBM,-0.124444
12490,20001130,IBM,-0.049442
12490,20001229,IBM,-0.090909
12490,20010131,IBM,0.317647
12490,20010228,IBM,-0.106875
12490,20010330,IBM,-0.037237
12490,20010430,IBM,0.19713
12490,20010531,IBM,-0.027792
12490,20010629,IBM,0.010733
12490,20010731,IBM,-0.068938
12490,20010831,IBM,-0.048665
12490,20010928,IBM,-0.082341
12490,20011031,IBM,0.17826
12490,20011130,IBM,0.07088
12490,20011231,IBM,0.046457
12490,20020131,IBM,-0.108052
12490,20020228,IBM,-0.089258
12490,20020328,IBM,0.059927
12490,20020430,IBM,-0.194615
12490,20020531,IBM,-0.037727
12490,20020628,IBM,-0.105034
12490,20020731,IBM,-0.022222
12490,20020830,IBM,0.072869
12490,20020930,IBM,-0.226453
12490,20021031,IBM,0.353799
12490,20021129,IBM,0.10299
12490,20021231,IBM,-0.108375
12490,20030131,IBM,0.009032
12490,20030228,IBM,-0.001279
12490,20030331,IBM,0.006158
12490,20030430,IBM,0.082494
12490,20030530,IBM,0.038869
12490,20030630,IBM,-0.062926
12490,20030731,IBM,-0.015152
12490,20030829,IBM,0.011323
12490,20030930,IBM,0.077064
12490,20031031,IBM,0.013019
12490,20031128,IBM,0.013634
12490,20031231,IBM,0.023636
12490,20040130,IBM,0.070673
12490,20040227,IBM,-0.025899
12490,20040331,IBM,-0.04829
12490,20040430,IBM,-0.039961
12490,20040528,IBM,0.006805
12490,20040630,IBM,-0.004967
12490,20040730,IBM,-0.012252
12490,20040831,IBM,-0.025267
12490,20040930,IBM,0.012398
12490,20041029,IBM,0.046769
12490,20041130,IBM,0.052033
12490,20041231,IBM,0.046053
12490,20050131,IBM,-0.052343
12490,20050228,IBM,-0.007065
12490,20050331,IBM,-0.012962
12490,20050429,IBM,-0.16415
12490,20050531,IBM,-0.008248
12490,20050630,IBM,-0.017869
12490,20050729,IBM,0.124798
12490,20050831,IBM,-0.031632
12490,20050930,IBM,-0.004962
12490,20051031,IBM,0.020693
12490,20051130,IBM,0.088178
12490,20051230,IBM,-0.075366
12490,20060131,IBM,-0.010949
12490,20060228,IBM,-0.010578
12490,20060331,IBM,0.027792
12490,20060428,IBM,-0.001576
12490,20060531,IBM,-0.02599
12490,20060630,IBM,-0.038548
12490,20060731,IBM,0.00768
12490,20060831,IBM,0.049864
12490,20060929,IBM,0.01198
12490,20061031,IBM,0.1268
12490,20061130,IBM,-0.001191
12490,20061229,IBM,0.056897
12490,20070131,IBM,0.020587
12490,20070228,IBM,-0.059607
12490,20070330,IBM,0.014203
12490,20070430,IBM,0.084341
12490,20070531,IBM,0.046864
12490,20070629,IBM,-0.012664
12490,20070731,IBM,0.051306
12490,20070831,IBM,0.058202
12490,20070928,IBM,0.009512
12490,20071031,IBM,-0.014261
12490,20071130,IBM,-0.090768
12490,20071231,IBM,0.027762
12490,20080131,IBM,-0.009158
12490,20080229,IBM,0.066754
12490,20080331,IBM,0.011242
12490,20080430,IBM,0.048289
12490,20080530,IBM,0.076471
12490,20080630,IBM,-0.084215
12490,20080731,IBM,0.079727
12490,20080829,IBM,-0.044929
12490,20080930,IBM,-0.039185
12490,20081031,IBM,-0.205113
12490,20081128,IBM,-0.116919
12490,20081231,IBM,0.031373
12490,20090130,IBM,0.088997
12490,20090227,IBM,0.009602
12490,20090331,IBM,0.052809
12490,20090430,IBM,0.065229
12490,20090529,IBM,0.035074
12490,20090630,IBM,-0.017501
12490,20090731,IBM,0.129381
12490,20090831,IBM,0.005681
12490,20090930,IBM,0.013215
12490,20091030,IBM,0.008361
12490,20091130,IBM,0.052152
12490,20091231,IBM,0.036011
12490,20100129,IBM,-0.065011
12490,20100226,IBM,0.043468
12490,20100331,IBM,0.008572
12490,20100430,IBM,0.005848
12490,20100528,IBM,-0.023953
12490,20100630,IBM,-0.01421
12490,20100730,IBM,0.039844
12490,20100831,IBM,-0.035981
12490,20100930,IBM,0.089418
12490,20101029,IBM,0.070523
12490,20101130,IBM,-0.010376
12490,20101231,IBM,0.037466
12490,20110131,IBM,0.103843
12490,20110228,IBM,0.003272
12490,20110331,IBM,0.007351
12490,20110429,IBM,0.046054
12490,20110531,IBM,-0.005276
12490,20110630,IBM,0.015509
12490,20110729,IBM,0.060041
12490,20110831,IBM,-0.050536
12490,20110930,IBM,0.017218
12490,20111031,IBM,0.055813
12490,20111130,IBM,0.022315
12490,20111230,IBM,-0.021915
12490,20120131,IBM,0.047422
12490,20120229,IBM,0.025337
12490,20120330,IBM,0.060591
12490,20120430,IBM,-0.007525
12490,20120531,IBM,-0.064371
12490,20120629,IBM,0.013893
12490,20120731,IBM,0.002045
12490,20120831,IBM,-0.001429
12490,20120928,IBM,0.064665
12490,20121031,IBM,-0.06228
12490,20121130,IBM,-0.018558
12490,20121231,IBM,0.007787
12490,20130131,IBM,0.060141
12490,20130228,IBM,-0.006845
12490,20130328,IBM,0.062092
19561,20000131,BA,0.073906
19561,20000229,BA,-0.166798
19561,20000331,BA,0.023689
19561,20000428,BA,0.049587
19561,20000531,BA,-0.01222
19561,20000630,BA,0.0704
19561,20000731,BA,0.171898
19561,20000831,BA,0.097245
19561,20000929,BA,0.174825
19561,20001031,BA,0.076389
19561,20001130,BA,0.020498
19561,20001229,BA,-0.044344
19561,20010131,BA,-0.113636
19561,20010228,BA,0.066154
19561,20010330,BA,-0.104341
19561,20010430,BA,0.109316
19561,20010531,BA,0.020388
19561,20010629,BA,-0.115917
19561,20010731,BA,0.052698
19561,20010831,BA,-0.12233
19561,20010928,BA,-0.345703
19561,20011031,BA,-0.026866
19561,20011130,BA,0.081902
19561,20011231,BA,0.104843
19561,20020131,BA,0.055957
19561,20020228,BA,0.126496
19561,20020328,BA,0.049826
19561,20020430,BA,-0.075648
19561,20020531,BA,-0.03991
19561,20020628,BA,0.0551
19561,20020731,BA,-0.077333
19561,20020830,BA,-0.103083
19561,20020930,BA,-0.079309
19561,20021031,BA,-0.128333
19561,20021129,BA,0.150252
19561,20021231,BA,-0.031131
19561,20030131,BA,-0.042437
19561,20030228,BA,-0.122191
19561,20030331,BA,-0.090711
19561,20030430,BA,0.088587
19561,20030530,BA,0.130499
19561,20030630,BA,0.119009
19561,20030731,BA,-0.034965
19561,20030829,BA,0.134058
19561,20030930,BA,-0.08184
19561,20031031,BA,0.121177
19561,20031128,BA,0.001819
19561,20031231,BA,0.097682
19561,20040130,BA,-0.009255
19561,20040227,BA,0.042874
19561,20040331,BA,-0.053032
19561,20040430,BA,0.039445
19561,20040528,BA,0.077536
19561,20040630,BA,0.115502
19561,20040730,BA,-0.006655
19561,20040831,BA,0.032906
19561,20040930,BA,-0.01149
19561,20041029,BA,-0.03332
19561,20041130,BA,0.077555
19561,20041231,BA,-0.033601
19561,20050131,BA,-0.0226
19561,20050228,BA,0.091304
19561,20050331,BA,0.063489
19561,20050429,BA,0.018132
19561,20050531,BA,0.077789
19561,20050630,BA,0.032864
19561,20050729,BA,0.000152
19561,20050831,BA,0.019088
19561,20050930,BA,0.013876
19561,20051031,BA,-0.048712
19561,20051130,BA,0.058787
19561,20051230,BA,0.030063
19561,20060131,BA,-0.027477
19561,20060228,BA,0.068511
19561,20060331,BA,0.072087
19561,20060428,BA,0.070833
19561,20060531,BA,0.001198
19561,20060630,BA,-0.016096
19561,20060731,BA,-0.054816
19561,20060831,BA,-0.028675
19561,20060929,BA,0.052737
19561,20061031,BA,0.012809
19561,20061130,BA,0.112322
19561,20061229,BA,0.003502
19561,20070131,BA,0.008104
19561,20070228,BA,-0.021773
19561,20070330,BA,0.018909
19561,20070430,BA,0.046002
19561,20070531,BA,0.085376
19561,20070629,BA,-0.04404
19561,20070731,BA,0.075603
19561,20070831,BA,-0.061684
19561,20070928,BA,0.085729
19561,20071031,BA,-0.060958
19561,20071130,BA,-0.057815
19561,20071231,BA,-0.054895
19561,20080131,BA,-0.048937
19561,20080229,BA,0.00012
19561,20080331,BA,-0.101703
19561,20080430,BA,0.141051
19561,20080530,BA,-0.019915
19561,20080630,BA,-0.205992
19561,20080731,BA,-0.070146
19561,20080829,BA,0.079365
19561,20080930,BA,-0.125229
19561,20081031,BA,-0.085963
19561,20081128,BA,-0.17913
19561,20081231,BA,0.000938
19561,20090130,BA,-0.008437
19561,20090227,BA,-0.246987
19561,20090331,BA,0.131679
19561,20090430,BA,0.125632
19561,20090529,BA,0.130337
19561,20090630,BA,-0.052397
19561,20090731,BA,0.009647
19561,20090831,BA,0.167327
19561,20090930,BA,0.090195
19561,20091030,BA,-0.117267
19561,20091130,BA,0.10523
19561,20091231,BA,0.032818
19561,20100129,BA,0.119527
19561,20100226,BA,0.049175
19561,20100331,BA,0.14962
19561,20100430,BA,-0.002479
19561,20100528,BA,-0.108104
19561,20100630,BA,-0.022281
19561,20100730,BA,0.085896
19561,20100831,BA,-0.096713
19561,20100930,BA,0.0885
19561,20101029,BA,0.061617
19561,20101130,BA,-0.091308
19561,20101231,BA,0.023365
19561,20110131,BA,0.064664
19561,20110228,BA,0.042458
19561,20110331,BA,0.026663
19561,20110429,BA,0.079129
19561,20110531,BA,-0.016671
19561,20110630,BA,-0.052544
19561,20110729,BA,-0.046801
19561,20110831,BA,-0.045267
19561,20110930,BA,-0.094975
19561,20111031,BA,0.087258
19561,20111130,BA,0.050464
19561,20111230,BA,0.067841
19561,20120131,BA,0.011316
19561,20120229,BA,0.016312
19561,20120330,BA,-0.007738
19561,20120430,BA,0.032674
19561,20120531,BA,-0.087891
19561,20120629,BA,0.067375
19561,20120731,BA,-0.005249
19561,20120831,BA,-0.028007
19561,20120928,BA,-0.02528
19561,20121031,BA,0.012142
19561,20121130,BA,0.060761
19561,20121231,BA,0.01454
19561,20130131,BA,-0.019772
19561,20130228,BA,0.047584
19561,20130328,BA,0.116385
22752,20000131,MRK,0.173023
22752,20000229,MRK,-0.218874
22752,20000331,MRK,0.013848
22752,20000428,MRK,0.118712
22752,20000531,MRK,0.077914
22752,20000630,MRK,0.026801
22752,20000731,MRK,-0.064437
22752,20000831,MRK,-0.020541
22752,20000929,MRK,0.065295
22752,20001031,MRK,0.208228
22752,20001130,MRK,0.030577
22752,20001229,MRK,0.013783
22752,20010131,MRK,-0.122243
22752,20010228,MRK,-0.024093
22752,20010330,MRK,-0.049377
22752,20010430,MRK,0.000922
22752,20010531,MRK,-0.034751
22752,20010629,MRK,-0.124401
22752,20010731,MRK,0.063683
22752,20010831,MRK,-0.037217
22752,20010928,MRK,0.023041
22752,20011031,MRK,-0.041892
22752,20011130,MRK,0.061746
22752,20011231,MRK,-0.126937
22752,20020131,MRK,0.006463
22752,20020228,MRK,0.03633
22752,20020328,MRK,-0.055438
22752,20020430,MRK,-0.05627
22752,20020531,MRK,0.050791
22752,20020628,MRK,-0.107005
22752,20020731,MRK,-0.020537
22752,20020830,MRK,0.018548
22752,20020930,MRK,-0.088084
22752,20021031,MRK,0.186611
22752,20021129,MRK,0.095317
22752,20021231,MRK,-0.041071
22752,20030131,MRK,-0.021551
22752,20030228,MRK,-0.047662
22752,20030331,MRK,0.045308
22752,20030430,MRK,0.062066
22752,20030530,MRK,-0.044689
22752,20030630,MRK,0.095898
22752,20030731,MRK,-0.087036
22752,20030829,MRK,-0.036605
22752,20030930,MRK,0.013315
22752,20031031,MRK,-0.12584
22752,20031128,MRK,-0.082486
22752,20031231,MRK,0.147044
22752,20040130,MRK,0.030303
22752,20040227,MRK,0.010084
22752,20040331,MRK,-0.073211
22752,20040430,MRK,0.063589
22752,20040528,MRK,0.006383
22752,20040630,MRK,0.012051
22752,20040730,MRK,-0.045263
22752,20040831,MRK,-0.008379
22752,20040930,MRK,-0.257727
22752,20041029,MRK,-0.051212
22752,20041130,MRK,-0.105078
22752,20041231,MRK,0.1606
22752,20050131,MRK,-0.127256
22752,20050228,MRK,0.130125
22752,20050331,MRK,0.033123
22752,20050429,MRK,0.047266
22752,20050531,MRK,-0.043068
22752,20050630,MRK,-0.038841
22752,20050729,MRK,0.008442
22752,20050831,MRK,-0.07888
22752,20050930,MRK,-0.036132
22752,20051031,MRK,0.037119
22752,20051130,MRK,0.05528
22752,20051230,MRK,0.081973
22752,20060131,MRK,0.084565
22752,20060228,MRK,0.010435
22752,20060331,MRK,0.021515
22752,20060428,MRK,-0.022992
22752,20060531,MRK,-0.02179
22752,20060630,MRK,0.094323
22752,20060731,MRK,0.105408
22752,20060831,MRK,0.016389
22752,20060929,MRK,0.033292
22752,20061031,MRK,0.084009
22752,20061130,MRK,-0.020035
22752,20061229,MRK,-0.011907
22752,20070131,MRK,0.026376
22752,20070228,MRK,-0.013408
22752,20070330,MRK,0.00906
22752,20070430,MRK,0.164591
22752,20070531,MRK,0.019635
22752,20070629,MRK,-0.043279
22752,20070731,MRK,-0.003012
22752,20070831,MRK,0.010473
22752,20070928,MRK,0.037871
22752,20071031,MRK,0.127104
22752,20071130,MRK,0.018881
22752,20071231,MRK,-0.014656
22752,20080131,MRK,-0.206677
22752,20080229,MRK,-0.039046
22752,20080331,MRK,-0.134763
22752,20080430,MRK,0.002372
22752,20080530,MRK,0.024185
22752,20080630,MRK,-0.022844
22752,20080731,MRK,-0.127089
22752,20080829,MRK,0.084194
22752,20080930,MRK,-0.10457
22752,20081031,MRK,-0.019328
22752,20081128,MRK,-0.136672
22752,20081231,MRK,0.151946
22752,20090130,MRK,-0.060855
22752,20090227,MRK,-0.152364
22752,20090331,MRK,0.121074
22752,20090430,MRK,-0.093832
22752,20090529,MRK,0.137789
22752,20090630,MRK,0.027556
22752,20090731,MRK,0.073319
22752,20090831,MRK,0.08064
22752,20090930,MRK,-0.012951
22752,20091030,MRK,-0.022131
22752,20091130,MRK,0.170708
22752,20091231,MRK,0.019608
22752,20100129,MRK,0.044882
22752,20100226,MRK,-0.034049
22752,20100331,MRK,0.023048
22752,20100430,MRK,-0.061847
22752,20100528,MRK,-0.038527
22752,20100630,MRK,0.049273
22752,20100730,MRK,-0.014584
22752,20100831,MRK,0.020313
22752,20100930,MRK,0.057736
22752,20101029,MRK,-0.013583
22752,20101130,MRK,-0.050675
22752,20101231,MRK,0.056571
22752,20110131,MRK,-0.079634
22752,20110228,MRK,-0.018089
22752,20110331,MRK,0.025177
22752,20110429,MRK,0.089064
22752,20110531,MRK,0.022253
22752,20110630,MRK,-0.029388
22752,20110729,MRK,-0.03287
22752,20110831,MRK,-0.030325
22752,20110930,MRK,-0.000453
22752,20111031,MRK,0.055046
22752,20111130,MRK,0.036232
22752,20111230,MRK,0.066294
22752,20120131,MRK,0.015119
22752,20120229,MRK,-0.002613
22752,20120330,MRK,0.017029
22752,20120430,MRK,0.021875
22752,20120531,MRK,-0.042304
22752,20120629,MRK,0.122139
22752,20120731,MRK,0.057964
22752,20120831,MRK,-0.025357
22752,20120928,MRK,0.057259
22752,20121031,MRK,0.011864
22752,20121130,MRK,-0.029148
22752,20121231,MRK,-0.06614
22752,20130131,MRK,0.056424
22752,20130228,MRK,-0.012023
22752,20130328,MRK,0.044465
26403,20000131,DIS,0.241453
26403,20000229,DIS,-0.077453
26403,20000331,DIS,0.231343
26403,20000428,DIS,0.05
26403,20000531,DIS,-0.031746
26403,20000630,DIS,-0.074516
26403,20000731,DIS,-0.003221
26403,20000831,DIS,0.006462
26403,20000929,DIS,-0.017657
26403,20001031,DIS,-0.063725
26403,20001130,DIS,-0.191972
26403,20001229,DIS,0.007257
26403,20010131,DIS,0.052268
26403,20010228,DIS,0.01642
26403,20010330,DIS,-0.075929
26403,20010430,DIS,0.057692
26403,20010531,DIS,0.045289
26403,20010629,DIS,-0.086338
26403,20010731,DIS,-0.08792
26403,20010831,DIS,-0.034915
26403,20010928,DIS,-0.267794
26403,20011031,DIS,-0.001611
26403,20011130,DIS,0.10113
26403,20011231,DIS,0.022472
26403,20020131,DIS,0.016409
26403,20020228,DIS,0.092118
26403,20020328,DIS,0.003478
26403,20020430,DIS,0.004333
26403,20020531,DIS,-0.011648
26403,20020628,DIS,-0.175033
26403,20020731,DIS,-0.061905
26403,20020830,DIS,-0.115623
26403,20020930,DIS,-0.034439
26403,20021031,DIS,0.103038
26403,20021129,DIS,0.186826
26403,20021231,DIS,-0.166498
26403,20030131,DIS,0.072961
26403,20030228,DIS,-0.025143
26403,20030331,DIS,-0.002345
26403,20030430,DIS,0.096357
26403,20030530,DIS,0.053055
26403,20030630,DIS,0.005089
26403,20030731,DIS,0.109873
26403,20030829,DIS,-0.064781
26403,20030930,DIS,-0.016098
26403,20031031,DIS,0.122459
26403,20031128,DIS,0.019876
26403,20031231,DIS,0.019489
26403,20040130,DIS,0.028718
26403,20040227,DIS,0.105417
26403,20040331,DIS,-0.058048
26403,20040430,DIS,-0.078431
26403,20040528,DIS,0.019105
26403,20040630,DIS,0.086067
26403,20040730,DIS,-0.094155
26403,20040831,DIS,-0.027718
26403,20040930,DIS,0.004454
26403,20041029,DIS,0.118404
26403,20041130,DIS,0.065821
26403,20041231,DIS,0.043155
26403,20050131,DIS,0.029856
26403,20050228,DIS,-0.024101
26403,20050331,DIS,0.028275
26403,20050429,DIS,-0.0811
26403,20050531,DIS,0.039394
26403,20050630,DIS,-0.082362
26403,20050729,DIS,0.018268
26403,20050831,DIS,-0.017551
26403,20050930,DIS,-0.04208
26403,20051031,DIS,0.009946
26403,20051130,DIS,0.022979
26403,20051230,DIS,-0.027678
26403,20060131,DIS,0.055903
26403,20060228,DIS,0.105887
26403,20060331,DIS,-0.003573
26403,20060428,DIS,0.00251
26403,20060531,DIS,0.090844
26403,20060630,DIS,-0.016393
26403,20060731,DIS,-0.010333
26403,20060831,DIS,-0.001347
26403,20060929,DIS,0.042496
26403,20061031,DIS,0.017794
26403,20061130,DIS,0.05054
26403,20061229,DIS,0.046294
26403,20070131,DIS,0.026262
26403,20070228,DIS,-0.026159
26403,20070330,DIS,0.005255
26403,20070430,DIS,0.015974
26403,20070531,DIS,0.01315
26403,20070629,DIS,-0.023082
26403,20070731,DIS,-0.033392
26403,20070831,DIS,0.018182
26403,20070928,DIS,0.023512
26403,20071031,DIS,0.006979
26403,20071130,DIS,-0.042737
26403,20071231,DIS,-0.015686
26403,20080131,DIS,-0.075589
26403,20080229,DIS,0.086126
26403,20080331,DIS,-0.03178
26403,20080430,DIS,0.033461
26403,20080530,DIS,0.036078
26403,20080630,DIS,-0.071429
26403,20080731,DIS,-0.027244
26403,20080829,DIS,0.065898
26403,20080930,DIS,-0.051314
26403,20081031,DIS,-0.155751
26403,20081128,DIS,-0.130837
26403,20081231,DIS,0.023091
26403,20090130,DIS,-0.088585
26403,20090227,DIS,-0.189072
26403,20090331,DIS,0.082886
26403,20090430,DIS,0.205947
26403,20090529,DIS,0.105936
26403,20090630,DIS,-0.036746
26403,20090731,DIS,0.076725
26403,20090831,DIS,0.036624
26403,20090930,DIS,0.054531
26403,20091030,DIS,-0.003277
26403,20091130,DIS,0.104129
26403,20091231,DIS,0.078756
26403,20100129,DIS,-0.083721
26403,20100226,DIS,0.057191
26403,20100331,DIS,0.117478
26403,20100430,DIS,0.055285
26403,20100528,DIS,-0.092834
26403,20100630,DIS,-0.057451
26403,20100730,DIS,0.069524
26403,20100831,DIS,-0.034135
26403,20100930,DIS,0.01721
26403,20101029,DIS,0.09139
26403,20101130,DIS,0.010657
26403,20101231,DIS,0.038346
26403,20110131,DIS,0.036257
26403,20110228,DIS,0.125289
26403,20110331,DIS,-0.014861
26403,20110429,DIS,0.000232
26403,20110531,DIS,-0.034107
26403,20110630,DIS,-0.062215
26403,20110729,DIS,-0.010758
26403,20110831,DIS,-0.118073
26403,20110930,DIS,-0.114504
26403,20111031,DIS,0.156499
26403,20111130,DIS,0.02781
26403,20111230,DIS,0.062762
26403,20120131,DIS,0.037333
26403,20120229,DIS,0.079434
26403,20120330,DIS,0.042629
26403,20120430,DIS,-0.015304
26403,20120531,DIS,0.060311
26403,20120629,DIS,0.061037
26403,20120731,DIS,0.013196
26403,20120831,DIS,0.006716
26403,20120928,DIS,0.056802
26403,20121031,DIS,-0.060444
26403,20121130,DIS,0.010994
26403,20121231,DIS,0.017721
26403,20130131,DIS,0.082145
26403,20130228,DIS,0.013177
26403,20130328,DIS,0.040484
27828,20000131,HPQ,-0.048352
27828,20000229,HPQ,0.242494
27828,20000331,HPQ,-0.010892
27828,20000428,HPQ,0.015992
27828,20000531,HPQ,-0.109722
27828,20000630,HPQ,0.29448
27828,20000731,HPQ,-0.125626
27828,20000831,HPQ,0.105896
27828,20000929,HPQ,-0.195362
27828,20001031,HPQ,-0.041237
27828,20001130,HPQ,-0.319892
27828,20001229,HPQ,0.000553
27828,20010131,HPQ,0.167525
27828,20010228,HPQ,-0.217096
27828,20010330,HPQ,0.086655
27828,20010430,HPQ,-0.090822
27828,20010531,HPQ,0.031305
27828,20010629,HPQ,-0.021828
27828,20010731,HPQ,-0.137762
27828,20010831,HPQ,-0.0588
27828,20010928,HPQ,-0.305041
27828,20011031,HPQ,0.048598
27828,20011130,HPQ,0.306595
27828,20011231,HPQ,-0.062301
27828,20020131,HPQ,0.076436
27828,20020228,HPQ,-0.090005
27828,20020328,HPQ,-0.104374
27828,20020430,HPQ,-0.046823
27828,20020531,HPQ,0.116374
27828,20020628,HPQ,-0.19539
27828,20020731,HPQ,-0.073953
27828,20020830,HPQ,-0.050883
27828,20020930,HPQ,-0.125093
27828,20021031,HPQ,0.353899
27828,20021129,HPQ,0.232911
27828,20021231,HPQ,-0.104723
27828,20030131,HPQ,0.00288
27828,20030228,HPQ,-0.089604
27828,20030331,HPQ,-0.01388
27828,20030430,HPQ,0.048231
27828,20030530,HPQ,0.196319
27828,20030630,HPQ,0.09641
27828,20030731,HPQ,-0.006103
27828,20030829,HPQ,-0.058573
27828,20030930,HPQ,-0.024586
27828,20031031,HPQ,0.152376
27828,20031128,HPQ,-0.025549
27828,20031231,HPQ,0.060258
27828,20040130,HPQ,0.035699
27828,20040227,HPQ,-0.045397
27828,20040331,HPQ,0.009247
27828,20040430,HPQ,-0.137478
27828,20040528,HPQ,0.078173
27828,20040630,HPQ,-0.002825
27828,20040730,HPQ,-0.045024
27828,20040831,HPQ,-0.112159
27828,20040930,HPQ,0.052543
27828,20041029,HPQ,-0.0048
27828,20041130,HPQ,0.071811
27828,20041231,HPQ,0.0525
27828,20050131,HPQ,-0.065808
27828,20050228,HPQ,0.061766
27828,20050331,HPQ,0.058654
27828,20050429,HPQ,-0.067001
27828,20050531,HPQ,0.099658
27828,20050630,HPQ,0.047979
27828,20050729,HPQ,0.047214
27828,20050831,HPQ,0.127539
27828,20050930,HPQ,0.054755
27828,20051031,HPQ,-0.039726
27828,20051130,HPQ,0.058131
27828,20051230,HPQ,-0.032356
27828,20060131,HPQ,0.089067
27828,20060228,HPQ,0.052277
27828,20060331,HPQ,0.005181
27828,20060428,HPQ,-0.01307
27828,20060531,HPQ,-0.002772
27828,20060630,HPQ,-0.019148
27828,20060731,HPQ,0.00726
27828,20060831,HPQ,0.145722
27828,20060929,HPQ,0.005744
27828,20061031,HPQ,0.055874
27828,20061130,HPQ,0.018585
27828,20061229,HPQ,0.045869
27828,20070131,HPQ,0.05074
27828,20070228,HPQ,-0.090804
27828,20070330,HPQ,0.022109
27828,20070430,HPQ,0.049826
27828,20070531,HPQ,0.084718
27828,20070629,HPQ,-0.022096
27828,20070731,HPQ,0.0316
27828,20070831,HPQ,0.072127
27828,20070928,HPQ,0.010537
27828,20071031,HPQ,0.037959
27828,20071130,HPQ,-0.010062
27828,20071231,HPQ,-0.011728
27828,20080131,HPQ,-0.133914
27828,20080229,HPQ,0.092635
27828,20080331,HPQ,-0.042495
27828,20080430,HPQ,0.015112
27828,20080530,HPQ,0.015318
27828,20080630,HPQ,-0.058861
27828,20080731,HPQ,0.013345
27828,20080829,HPQ,0.047321
27828,20080930,HPQ,-0.012788
27828,20081031,HPQ,-0.172145
27828,20081128,HPQ,-0.07837
27828,20081231,HPQ,0.030896
27828,20090130,HPQ,-0.042436
27828,20090227,HPQ,-0.164604
27828,20090331,HPQ,0.107131
27828,20090430,HPQ,0.122271
27828,20090529,HPQ,-0.045303
27828,20090630,HPQ,0.127511
27828,20090731,HPQ,0.12031
27828,20090831,HPQ,0.036721
27828,20090930,HPQ,0.053464
27828,20091030,HPQ,0.005295
27828,20091130,HPQ,0.033713
27828,20091231,HPQ,0.051569
27828,20100129,HPQ,-0.086197
27828,20100226,HPQ,0.079031
27828,20100331,HPQ,0.048041
27828,20100430,HPQ,-0.022201
27828,20100528,HPQ,-0.114682
27828,20100630,HPQ,-0.057596
27828,20100730,HPQ,0.063771
27828,20100831,HPQ,-0.164857
27828,20100930,HPQ,0.096229
27828,20101029,HPQ,-0.000713
27828,20101130,HPQ,-0.002617
27828,20101231,HPQ,0.005962
27828,20110131,HPQ,0.085273
27828,20110228,HPQ,-0.045086
27828,20110331,HPQ,-0.059134
27828,20110429,HPQ,-0.014645
27828,20110531,HPQ,-0.074065
27828,20110630,HPQ,-0.023007
27828,20110729,HPQ,-0.033791
27828,20110831,HPQ,-0.259881
27828,20110930,HPQ,-0.132924
27828,20111031,HPQ,0.185301
27828,20111130,HPQ,0.050357
27828,20111230,HPQ,-0.074061
27828,20120131,HPQ,0.08618
27828,20120229,HPQ,-0.095425
27828,20120330,HPQ,-0.053734
27828,20120430,HPQ,0.039026
27828,20120531,HPQ,-0.084006
27828,20120629,HPQ,-0.107496
27828,20120731,HPQ,-0.092989
27828,20120831,HPQ,-0.074561
27828,20120928,HPQ,0.018483
27828,20121031,HPQ,-0.188159
27828,20121130,HPQ,-0.062094
27828,20121231,HPQ,0.107159
27828,20130131,HPQ,0.158597
27828,20130228,HPQ,0.219867
27828,20130328,HPQ,0.190268
43449,20000131,MCD,-0.072868
43449,20000229,MCD,-0.153846
43449,20000331,MCD,0.181818
43449,20000428,MCD,0.018395
43449,20000531,MCD,-0.059113
43449,20000630,MCD,-0.080279
43449,20000731,MCD,-0.043643
43449,20000831,MCD,-0.051587
43449,20000929,MCD,0.01046
43449,20001031,MCD,0.026915
43449,20001130,MCD,0.035161
43449,20001229,MCD,0.066667
43449,20010131,MCD,-0.136765
43449,20010228,MCD,0.001704
43449,20010330,MCD,-0.096939
43449,20010430,MCD,0.035782
43449,20010531,MCD,0.101091
43449,20010629,MCD,-0.106341
43449,20010731,MCD,0.076866
43449,20010831,MCD,0.030542
43449,20010928,MCD,-0.096237
43449,20011031,MCD,-0.039425
43449,20011130,MCD,0.038166
43449,20011231,MCD,-0.013785
43449,20020131,MCD,0.026823
43449,20020228,MCD,-0.039735
43449,20020328,MCD,0.063218
43449,20020430,MCD,0.023423
43449,20020531,MCD,0.054225
43449,20020628,MCD,-0.049766
43449,20020731,MCD,-0.130053
43449,20020830,MCD,-0.04
43449,20020930,MCD,-0.256734
43449,20021031,MCD,0.025481
43449,20021129,MCD,0.034511
43449,20021231,MCD,-0.130811
43449,20030131,MCD,-0.114428
43449,20030228,MCD,-0.044242
43449,20030331,MCD,0.062454
43449,20030430,MCD,0.182573
43449,20030530,MCD,0.095322
43449,20030630,MCD,0.17779
43449,20030731,MCD,0.043064
43449,20030829,MCD,-0.025641
43449,20030930,MCD,0.049955
43449,20031031,MCD,0.062022
43449,20031128,MCD,0.0412
43449,20031231,MCD,-0.031213
43449,20040130,MCD,0.036649
43449,20040227,MCD,0.099456
43449,20040331,MCD,0.009541
43449,20040430,MCD,-0.046902
43449,20040528,MCD,-0.030481
43449,20040630,MCD,-0.015152
43449,20040730,MCD,0.057692
43449,20040831,MCD,-0.017455
43449,20040930,MCD,0.03738
43449,20041029,MCD,0.039957
43449,20041130,MCD,0.073413
43449,20041231,MCD,0.042941
43449,20050131,MCD,0.010293
43449,20050228,MCD,0.021303
43449,20050331,MCD,-0.058646
43449,20050429,MCD,-0.058767
43449,20050531,MCD,0.055612
43449,20050630,MCD,-0.103103
43449,20050729,MCD,0.123243
43449,20050831,MCD,0.041065
43449,20050930,MCD,0.032049
43449,20051031,MCD,-0.056435
43449,20051130,MCD,0.092405
43449,20051230,MCD,-0.00384
43449,20060131,MCD,0.038256
43449,20060228,MCD,-0.002856
43449,20060331,MCD,-0.015755
43449,20060428,MCD,0.006112
43449,20060531,MCD,-0.040498
43449,20060630,MCD,0.012964
43449,20060731,MCD,0.053274
43449,20060831,MCD,0.014411
43449,20060929,MCD,0.089694
43449,20061031,MCD,0.071575
43449,20061130,MCD,0.025048
43449,20061229,MCD,0.056231
43449,20070131,MCD,0.000451
43449,20070228,MCD,-0.014882
43449,20070330,MCD,0.031128
43449,20070430,MCD,0.071698
43449,20070531,MCD,0.047017
43449,20070629,MCD,0.004154
43449,20070731,MCD,-0.056935
43449,20070831,MCD,0.028828
43449,20070928,MCD,0.10599
43449,20071031,MCD,0.096932
43449,20071130,MCD,0.003684
43449,20071231,MCD,0.007525
43449,20080131,MCD,-0.090477
43449,20080229,MCD,0.016891
43449,20080331,MCD,0.030678
43449,20080430,MCD,0.068316
43449,20080530,MCD,-0.004364
43449,20080630,MCD,-0.045937
43449,20080731,MCD,0.063501
43449,20080829,MCD,0.043235
43449,20080930,MCD,-0.004839
43449,20081031,MCD,-0.061102
43449,20081128,MCD,0.022786
43449,20081231,MCD,0.058553
43449,20090130,MCD,-0.067053
43449,20090227,MCD,-0.090831
43449,20090331,MCD,0.044402
43449,20090430,MCD,-0.023456
43449,20090529,MCD,0.106962
43449,20090630,MCD,-0.016952
43449,20090731,MCD,-0.042268
43449,20090831,MCD,0.030512
43449,20090930,MCD,0.014758
43449,20091030,MCD,0.026984
43449,20091130,MCD,0.088551
43449,20091231,MCD,-0.012806
43449,20100129,MCD,-0.00016
43449,20100226,MCD,0.031555
43449,20100331,MCD,0.044949
43449,20100430,MCD,0.058004
43449,20100528,MCD,-0.044907
43449,20100630,MCD,-0.014954
43449,20100730,MCD,0.0586
43449,20100831,MCD,0.055643
43449,20100930,MCD,0.019847
43449,20101029,MCD,0.043752
43449,20101130,MCD,0.014659
43449,20101231,MCD,-0.019668
43449,20110131,MCD,-0.040255
43449,20110228,MCD,0.035564
43449,20110331,MCD,0.005417
43449,20110429,MCD,0.029176
43449,20110531,MCD,0.049036
43449,20110630,MCD,0.034094
43449,20110729,MCD,0.025617
43449,20110831,MCD,0.052498
43449,20110930,MCD,-0.028647
43449,20111031,MCD,0.057276
43449,20111130,MCD,0.036295
43449,20111230,MCD,0.050356
43449,20120131,MCD,-0.012758
43449,20120229,MCD,0.009389
43449,20120330,MCD,-0.011886
43449,20120430,MCD,-0.006626
43449,20120531,MCD,-0.076039
43449,20120629,MCD,-0.009066
43449,20120731,MCD,0.009375
43449,20120831,MCD,0.009288
43449,20120928,MCD,0.025254
43449,20121031,MCD,-0.053951
43449,20121130,MCD,0.011636
43449,20121231,MCD,0.013442
43449,20130131,MCD,0.080263
43449,20130228,MCD,0.014482
43449,20130328,MCD,0.03952
47896,20000131,JPM,0.043894
47896,20000229,JPM,-0.013168
47896,20000331,JPM,0.094976
47896,20000428,JPM,-0.167254
47896,20000531,JPM,0.035529
47896,20000630,JPM,-0.074895
47896,20000731,JPM,0.085645
47896,20000831,JPM,0.124528
47896,20000929,JPM,-0.173378
47896,20001031,JPM,-0.007957
47896,20001130,JPM,-0.18956
47896,20001229,JPM,0.232203
47896,20010131,JPM,0.217277
47896,20010228,JPM,-0.151482
47896,20010330,JPM,-0.03772
47896,20010430,JPM,0.076169
47896,20010531,JPM,0.024385
47896,20010629,JPM,-0.092574
47896,20010731,JPM,-0.021525
47896,20010831,JPM,-0.090069
47896,20010928,JPM,-0.133249
47896,20011031,JPM,0.045388
47896,20011130,JPM,0.066742
47896,20011231,JPM,-0.03632
47896,20020131,JPM,-0.05392
47896,20020228,JPM,-0.140969
47896,20020328,JPM,0.218803
47896,20020430,JPM,-0.005891
47896,20020531,JPM,0.024217
47896,20020628,JPM,-0.056467
47896,20020731,JPM,-0.254127
47896,20020830,JPM,0.057692
47896,20020930,JPM,-0.280682
47896,20021031,JPM,0.110585
47896,20021129,JPM,0.213012
47896,20021231,JPM,-0.046484
47896,20030131,JPM,-0.013333
47896,20030228,JPM,-0.028278
47896,20030331,JPM,0.045414
47896,20030430,JPM,0.252214
47896,20030530,JPM,0.119591
47896,20030630,JPM,0.04017
47896,20030731,JPM,0.035401
47896,20030829,JPM,-0.02368
47896,20030930,JPM,0.003215
47896,20031031,JPM,0.055636
47896,20031128,JPM,-0.013928
47896,20031231,JPM,0.037571
47896,20040130,JPM,0.068064
47896,20040227,JPM,0.05477
47896,20040331,JPM,0.022672
47896,20040430,JPM,-0.09559
47896,20040528,JPM,-0.020213
47896,20040630,JPM,0.052389
47896,20040730,JPM,-0.028372
47896,20040831,JPM,0.060273
47896,20040930,JPM,0.00379
47896,20041029,JPM,-0.019884
47896,20041130,JPM,-0.024611
47896,20041231,JPM,0.036122
47896,20050131,JPM,-0.03435
47896,20050228,JPM,-0.020895
47896,20050331,JPM,-0.053352
47896,20050429,JPM,0.035549
47896,20050531,JPM,0.007326
47896,20050630,JPM,-0.012028
47896,20050729,JPM,0.00453
47896,20050831,JPM,-0.035572
47896,20050930,JPM,0.00118
47896,20051031,JPM,0.089301
47896,20051130,JPM,0.044511
47896,20051230,JPM,0.037647
47896,20060131,JPM,0.010078
47896,20060228,JPM,0.034969
47896,20060331,JPM,0.012154
47896,20060428,JPM,0.097983
47896,20060531,JPM,-0.060379
47896,20060630,JPM,-0.015009
47896,20060731,JPM,0.094286
47896,20060831,JPM,0.000877
47896,20060929,JPM,0.028471
47896,20061031,JPM,0.017462
47896,20061130,JPM,-0.024452
47896,20061229,JPM,0.043647
47896,20070131,JPM,0.061491
47896,20070228,JPM,-0.030238
47896,20070330,JPM,-0.020449
47896,20070430,JPM,0.083919
47896,20070531,JPM,-0.005182
47896,20070629,JPM,-0.065213
47896,20070731,JPM,-0.083798
47896,20070831,JPM,0.011588
47896,20070928,JPM,0.0292
47896,20071031,JPM,0.034046
47896,20071130,JPM,-0.029362
47896,20071231,JPM,-0.043183
47896,20080131,JPM,0.094616
47896,20080229,JPM,-0.142405
47896,20080331,JPM,0.056581
47896,20080430,JPM,0.118277
47896,20080530,JPM,-0.097587
47896,20080630,JPM,-0.202093
47896,20080731,JPM,0.195278
47896,20080829,JPM,-0.05267
47896,20080930,JPM,0.213302
47896,20081031,JPM,-0.108565
47896,20081128,JPM,-0.232485
47896,20081231,JPM,-0.004106
47896,20090130,JPM,-0.178877
47896,20090227,JPM,-0.104273
47896,20090331,JPM,0.163238
47896,20090430,JPM,0.243416
47896,20090529,JPM,0.118182
47896,20090630,JPM,-0.07561
47896,20090731,JPM,0.134565
47896,20090831,JPM,0.12445
47896,20090930,JPM,0.008283
47896,20091030,JPM,-0.045641
47896,20091130,JPM,0.017237
47896,20091231,JPM,-0.019299
47896,20100129,JPM,-0.064315
47896,20100226,JPM,0.077812
47896,20100331,JPM,0.066238
47896,20100430,JPM,-0.047374
47896,20100528,JPM,-0.070456
47896,20100630,JPM,-0.075038
47896,20100730,JPM,0.101612
47896,20100831,JPM,-0.097319
47896,20100930,JPM,0.046755
47896,20101029,JPM,-0.009984
47896,20101130,JPM,-0.006112
47896,20101231,JPM,0.134225
47896,20110131,JPM,0.060585
47896,20110228,JPM,0.038941
47896,20110331,JPM,-0.012637
47896,20110429,JPM,-0.004772
47896,20110531,JPM,-0.052378
47896,20110630,JPM,-0.053192
47896,20110729,JPM,-0.005862
47896,20110831,JPM,-0.071446
47896,20110930,JPM,-0.198083
47896,20111031,JPM,0.162351
47896,20111130,JPM,-0.109033
47896,20111230,JPM,0.07362
47896,20120131,JPM,0.129323
47896,20120229,JPM,0.052011
47896,20120330,JPM,0.171763
47896,20120430,JPM,-0.058721
47896,20120531,JPM,-0.228711
47896,20120629,JPM,0.077828
47896,20120731,JPM,0.015953
47896,20120831,JPM,0.031667
47896,20120928,JPM,0.08993
47896,20121031,JPM,0.037055
47896,20121130,JPM,-0.014395
47896,20121231,JPM,0.070329
47896,20130131,JPM,0.076893
47896,20130228,JPM,0.039745
47896,20130328,JPM,-0.029845
55976,20000131,WMT,-0.207957
55976,20000229,WMT,-0.107306
55976,20000331,WMT,0.157238
55976,20000428,WMT,-0.019912
55976,20000531,WMT,0.047404
55976,20000630,WMT,-0.005431
55976,20000731,WMT,-0.046638
55976,20000831,WMT,-0.136519
55976,20000929,WMT,0.015758
55976,20001031,WMT,-0.057143
55976,20001130,WMT,0.150138
55976,20001229,WMT,0.019114
55976,20010131,WMT,0.069176
55976,20010228,WMT,-0.118134
55976,20010330,WMT,0.009583
55976,20010430,WMT,0.024554
55976,20010531,WMT,0.000193
55976,20010629,WMT,-0.055652
55976,20010731,WMT,0.145492
55976,20010831,WMT,-0.140429
55976,20010928,WMT,0.031634
55976,20011031,WMT,0.038384
55976,20011130,WMT,0.072957
55976,20011231,WMT,0.044787
55976,20020131,WMT,0.042224
55976,20020228,WMT,0.033845
55976,20020328,WMT,-0.01024
55976,20020430,WMT,-0.088744
55976,20020531,WMT,-0.031507
55976,20020628,WMT,0.018207
55976,20020731,WMT,-0.105981
55976,20020830,WMT,0.087434
55976,20020930,WMT,-0.07788
55976,20021031,WMT,0.08753
55976,20021129,WMT,0.006536
55976,20021231,WMT,-0.061503
55976,20030131,WMT,-0.053653
55976,20030228,WMT,0.005439
55976,20030331,WMT,0.084478
55976,20030430,WMT,0.082452
55976,20030530,WMT,-0.065874
55976,20030630,WMT,0.021859
55976,20030731,WMT,0.041737
55976,20030829,WMT,0.058308
55976,20030930,WMT,-0.05611
55976,20031031,WMT,0.057117
55976,20031128,WMT,-0.056149
55976,20031231,WMT,-0.044932
55976,20040130,WMT,0.01508
55976,20040227,WMT,0.106035
55976,20040331,WMT,0.004365
55976,20040430,WMT,-0.045066
55976,20040528,WMT,-0.02
55976,20040630,WMT,-0.053293
55976,20040730,WMT,0.004738
55976,20040831,WMT,-0.003962
55976,20040930,WMT,0.010063
55976,20041029,WMT,0.013534
55976,20041130,WMT,-0.034495
55976,20041231,WMT,0.017096
55976,20050131,WMT,-0.007951
55976,20050228,WMT,-0.015076
55976,20050331,WMT,-0.026158
55976,20050429,WMT,-0.05927
55976,20050531,WMT,0.005091
55976,20050630,WMT,0.020538
55976,20050729,WMT,0.023859
55976,20050831,WMT,-0.085917
55976,20050930,WMT,-0.025356
55976,20051031,WMT,0.079644
55976,20051130,WMT,0.026421
55976,20051230,WMT,-0.033155
55976,20060131,WMT,-0.014744
55976,20060228,WMT,-0.016265
55976,20060331,WMT,0.045139
55976,20060428,WMT,-0.046782
55976,20060531,WMT,0.079669
55976,20060630,WMT,-0.005779
55976,20060731,WMT,-0.076188
55976,20060831,WMT,0.008708
55976,20060929,WMT,0.102862
55976,20061031,WMT,-0.000811
55976,20061130,WMT,-0.064529
55976,20061229,WMT,0.005369
55976,20070131,WMT,0.032698
55976,20070228,WMT,0.013001
55976,20070330,WMT,-0.023598
55976,20070430,WMT,0.02066
55976,20070531,WMT,-0.002087
55976,20070629,WMT,0.010714
55976,20070731,WMT,-0.044897
55976,20070831,WMT,-0.045702
55976,20070928,WMT,0.000458
55976,20071031,WMT,0.035739
55976,20071130,WMT,0.0595
55976,20071231,WMT,-0.003132
55976,20080131,WMT,0.067536
55976,20080229,WMT,-0.022665
55976,20080331,WMT,0.0671
55976,20080430,WMT,0.100607
55976,20080530,WMT,-0.000043
55976,20080630,WMT,-0.026671
55976,20080731,WMT,0.04306
55976,20080829,WMT,0.011728
55976,20080930,WMT,0.013882
55976,20081031,WMT,-0.068125
55976,20081128,WMT,0.001254
55976,20081231,WMT,0.007471
55976,20090130,WMT,-0.159472
55976,20090227,WMT,0.044992
55976,20090331,WMT,0.063617
55976,20090430,WMT,-0.03263
55976,20090529,WMT,-0.007688
55976,20090630,WMT,-0.026136
55976,20090731,WMT,0.029728
55976,20090831,WMT,0.025311
55976,20090930,WMT,-0.034991
55976,20091030,WMT,0.012019
55976,20091130,WMT,0.098027
55976,20091231,WMT,-0.01517
55976,20100129,WMT,-0.000374
55976,20100226,WMT,0.011978
55976,20100331,WMT,0.033891
55976,20100430,WMT,-0.035252
55976,20100528,WMT,-0.05178
55976,20100630,WMT,-0.049248
55976,20100730,WMT,0.064905
55976,20100831,WMT,-0.014602
55976,20100930,WMT,0.067411
55976,20101029,WMT,0.012145
55976,20101130,WMT,-0.001477
55976,20101231,WMT,0.002635
55976,20110131,WMT,0.039681
55976,20110228,WMT,-0.072945
55976,20110331,WMT,0.008369
55976,20110429,WMT,0.056292
55976,20110531,WMT,0.011004
55976,20110630,WMT,-0.037668
55976,20110729,WMT,-0.008092
55976,20110831,WMT,0.016031
55976,20110930,WMT,-0.024253
55976,20111031,WMT,0.092871
55976,20111130,WMT,0.038434
55976,20111230,WMT,0.020798
55976,20120131,WMT,0.026774
55976,20120229,WMT,-0.037158
55976,20120330,WMT,0.042612
55976,20120430,WMT,-0.037418
55976,20120531,WMT,0.124045
55976,20120629,WMT,0.059253
55976,20120731,WMT,0.067556
55976,20120831,WMT,-0.019246
55976,20120928,WMT,0.016529
55976,20121031,WMT,0.016531
55976,20121130,WMT,-0.039989
55976,20121231,WMT,-0.047105
55976,20130131,WMT,0.025209
55976,20130228,WMT,0.011866
55976,20130328,WMT,0.06386
59176,20000131,AXP,-0.007669
59176,20000229,AXP,-0.185508
59176,20000331,AXP,0.109921
59176,20000428,AXP,0.005388
59176,20000531,AXP,0.083612
59176,20000630,AXP,-0.034722
59176,20000731,AXP,0.089065
59176,20000831,AXP,0.042999
59176,20000929,AXP,0.027484
59176,20001031,AXP,-0.011029
59176,20001130,AXP,-0.084375
59176,20001229,AXP,0
59176,20010131,AXP,-0.141206
59176,20010228,AXP,-0.068365
59176,20010330,AXP,-0.058797
59176,20010430,AXP,0.02954
59176,20010531,AXP,-0.00754
59176,20010629,AXP,-0.078822
59176,20010731,AXP,0.041495
59176,20010831,AXP,-0.09695
59176,20010928,AXP,-0.202087
59176,20011031,AXP,0.015485
59176,20011130,AXP,0.118247
59176,20011231,AXP,0.084473
59176,20020131,AXP,0.006725
59176,20020228,AXP,0.016736
59176,20020328,AXP,0.123731
59176,20020430,AXP,0.003174
59176,20020531,AXP,0.036576
59176,20020628,AXP,-0.145613
59176,20020731,AXP,-0.026982
59176,20020830,AXP,0.022689
59176,20020930,AXP,-0.13533
59176,20021031,AXP,0.169019
59176,20021129,AXP,0.070388
59176,20021231,AXP,-0.089905
59176,20030131,AXP,0.005092
59176,20030228,AXP,-0.054883
59176,20030331,AXP,-0.010423
59176,20030430,AXP,0.141739
59176,20030530,AXP,0.10037
59176,20030630,AXP,0.003601
59176,20030731,AXP,0.058838
59176,20030829,AXP,0.019923
59176,20030930,AXP,0.000222
59176,20031031,AXP,0.043719
59176,20031128,AXP,-0.025996
59176,20031231,AXP,0.057318
59176,20040130,AXP,0.07485
59176,20040227,AXP,0.030478
59176,20040331,AXP,-0.027518
59176,20040430,AXP,-0.055931
59176,20040528,AXP,0.035751
59176,20040630,AXP,0.015385
59176,20040730,AXP,-0.021993
59176,20040831,AXP,-0.004577
59176,20040930,AXP,0.028788
59176,20041029,AXP,0.033618
59176,20041130,AXP,0.049746
59176,20041231,AXP,0.011847
59176,20050131,AXP,-0.051446
59176,20050228,AXP,0.014995
59176,20050331,AXP,-0.049123
59176,20050429,AXP,0.025891
59176,20050531,AXP,0.021822
59176,20050630,AXP,-0.009285
59176,20050729,AXP,0.033252
59176,20050831,AXP,0.004364
59176,20050930,AXP,0.039826
59176,20051031,AXP,-0.012667
59176,20051130,AXP,0.033152
59176,20051230,AXP,0.000778
59176,20060131,AXP,0.02157
59176,20060228,AXP,0.027264
59176,20060331,AXP,-0.024685
59176,20060428,AXP,0.026261
59176,20060531,AXP,0.010221
59176,20060630,AXP,-0.020971
59176,20060731,AXP,-0.018978
59176,20060831,AXP,0.00922
59176,20060929,AXP,0.067377
59176,20061031,AXP,0.033524
59176,20061130,AXP,0.015741
59176,20061229,AXP,0.033208
59176,20070131,AXP,-0.03791
59176,20070228,AXP,-0.023188
59176,20070330,AXP,-0.008264
59176,20070430,AXP,0.078369
59176,20070531,AXP,0.07104
59176,20070629,AXP,-0.05848
59176,20070731,AXP,-0.0407
59176,20070831,AXP,0.001367
59176,20070928,AXP,0.012794
59176,20071031,AXP,0.029139
59176,20071130,AXP,-0.032322
59176,20071231,AXP,-0.118006
59176,20080131,AXP,-0.052095
59176,20080229,AXP,-0.139019
59176,20080331,AXP,0.03357
59176,20080430,AXP,0.10247
59176,20080530,AXP,-0.034777
59176,20080630,AXP,-0.187271
59176,20080731,AXP,-0.009822
59176,20080829,AXP,0.068966
59176,20080930,AXP,-0.107107
59176,20081031,AXP,-0.218741
59176,20081128,AXP,-0.152364
59176,20081231,AXP,-0.204204
59176,20090130,AXP,-0.08841
59176,20090227,AXP,-0.279139
59176,20090331,AXP,0.130182
59176,20090430,AXP,0.863536
59176,20090529,AXP,-0.014671
59176,20090630,AXP,-0.057545
59176,20090731,AXP,0.219019
59176,20090831,AXP,0.193788
59176,20090930,AXP,0.007688
59176,20091030,AXP,0.027729
59176,20091130,AXP,0.200631
59176,20091231,AXP,-0.031317
59176,20100129,AXP,-0.06614
59176,20100226,AXP,0.014073
59176,20100331,AXP,0.085101
59176,20100430,AXP,0.11779
59176,20100528,AXP,-0.135516
59176,20100630,AXP,0.000251
59176,20100730,AXP,0.124433
59176,20100831,AXP,-0.106855
59176,20100930,AXP,0.054176
59176,20101029,AXP,-0.009279
59176,20101130,AXP,0.042451
59176,20101231,AXP,-0.006941
59176,20110131,AXP,0.014912
59176,20110228,AXP,0.00438
59176,20110331,AXP,0.037411
59176,20110429,AXP,0.089823
59176,20110531,AXP,0.051345
59176,20110630,AXP,0.005426
59176,20110729,AXP,-0.032108
59176,20110831,AXP,-0.006595
59176,20110930,AXP,-0.096761
59176,20111031,AXP,0.131403
59176,20111130,AXP,-0.050968
59176,20111230,AXP,-0.01811
59176,20120131,AXP,0.06678
59176,20120229,AXP,0.054846
59176,20120330,AXP,0.093969
59176,20120430,AXP,0.044072
59176,20120531,AXP,-0.072745
59176,20120629,AXP,0.042629
59176,20120731,AXP,-0.005154
59176,20120831,AXP,0.010224
59176,20120928,AXP,-0.0247
59176,20121031,AXP,-0.012135
59176,20121130,AXP,-0.001251
59176,20121231,AXP,0.028265
59176,20130131,AXP,0.026618
59176,20130228,AXP,0.056793
59176,20130328,AXP,0.085438
65875,20000131,VZ,0.012345
65875,20000229,VZ,-0.209889
65875,20000331,VZ,0.249042
65875,20000428,VZ,-0.024376
65875,20000531,VZ,-0.107595
65875,20000630,VZ,-0.039007
65875,20000731,VZ,-0.074948
65875,20000831,VZ,-0.071809
65875,20000929,VZ,0.110315
65875,20001031,VZ,0.201497
65875,20001130,VZ,-0.028108
65875,20001229,VZ,-0.107898
65875,20010131,VZ,0.10394
65875,20010228,VZ,-0.099181
65875,20010330,VZ,-0.00404
65875,20010430,VZ,0.124848
65875,20010531,VZ,-0.003995
65875,20010629,VZ,-0.024613
65875,20010731,VZ,0.019346
65875,20010831,VZ,-0.076639
65875,20010928,VZ,0.0822
65875,20011031,VZ,-0.072353
65875,20011130,VZ,-0.056414
65875,20011231,VZ,0.009787
65875,20020131,VZ,-0.015276
65875,20020228,VZ,0.009709
65875,20020328,VZ,-0.014957
65875,20020430,VZ,-0.121583
65875,20020531,VZ,0.072052
65875,20020628,VZ,-0.066279
65875,20020731,VZ,-0.168493
65875,20020830,VZ,-0.060606
65875,20020930,VZ,-0.114839
65875,20021031,VZ,0.390124
65875,20021129,VZ,0.10911
65875,20021231,VZ,-0.074737
65875,20030131,VZ,-0.002194
65875,20030228,VZ,-0.096656
65875,20030331,VZ,0.022267
65875,20030430,VZ,0.068317
65875,20030530,VZ,0.012573
65875,20030630,VZ,0.042272
65875,20030731,VZ,-0.103042
65875,20030829,VZ,0.009143
65875,20030930,VZ,-0.08154
65875,20031031,VZ,0.047626
65875,20031128,VZ,-0.022619
65875,20031231,VZ,0.06821
65875,20040130,VZ,0.061716
65875,20040227,VZ,0.039881
65875,20040331,VZ,-0.0467
65875,20040430,VZ,0.043377
65875,20040528,VZ,-0.083731
65875,20040630,VZ,0.046559
65875,20040730,VZ,0.075573
65875,20040831,VZ,0.018422
65875,20040930,VZ,0.003312
65875,20041029,VZ,0.002666
65875,20041130,VZ,0.054476
65875,20041231,VZ,-0.017463
65875,20050131,VZ,-0.111948
65875,20050228,VZ,0.010677
65875,20050331,VZ,-0.013066
65875,20050429,VZ,0.019859
65875,20050531,VZ,-0.011732
65875,20050630,VZ,-0.02346
65875,20050729,VZ,0.00246
65875,20050831,VZ,-0.044406
65875,20050930,VZ,-0.000611
65875,20051031,VZ,-0.023708
65875,20051130,VZ,0.014916
65875,20051230,VZ,-0.058161
65875,20060131,VZ,0.064575
65875,20060228,VZ,0.064435
65875,20060331,VZ,0.010683
65875,20060428,VZ,-0.01835
65875,20060531,VZ,-0.055101
65875,20060630,VZ,0.073054
65875,20060731,VZ,0.021947
65875,20060831,VZ,0.040213
65875,20060929,VZ,0.055429
65875,20061031,VZ,0.007406
65875,20061130,VZ,-0.017271
65875,20061229,VZ,0.065827
65875,20070131,VZ,0.045247
65875,20070228,VZ,-0.029076
65875,20070330,VZ,0.013904
65875,20070430,VZ,0.017537
65875,20070531,VZ,0.140126
65875,20070629,VZ,-0.054215
65875,20070731,VZ,0.045057
65875,20070831,VZ,-0.017363
65875,20070928,VZ,0.057307
65875,20071031,VZ,0.050136
65875,20071130,VZ,-0.062079
65875,20071231,VZ,0.011109
65875,20080131,VZ,-0.101396
65875,20080229,VZ,-0.064641
65875,20080331,VZ,0.003579
65875,20080430,VZ,0.071672
65875,20080530,VZ,-0.00026
65875,20080630,VZ,-0.079802
65875,20080731,VZ,-0.026271
65875,20080829,VZ,0.031727
65875,20080930,VZ,-0.086276
65875,20081031,VZ,-0.061078
65875,20081128,VZ,0.100438
65875,20081231,VZ,0.038285
65875,20090130,VZ,-0.10531
65875,20090227,VZ,-0.044861
65875,20090331,VZ,0.058535
65875,20090430,VZ,0.019868
65875,20090529,VZ,-0.035597
65875,20090630,VZ,0.050239
65875,20090731,VZ,0.058575
65875,20090831,VZ,-0.032117
65875,20090930,VZ,-0.024807
65875,20091030,VZ,-0.006772
65875,20091130,VZ,0.063197
65875,20091231,VZ,0.053083
65875,20100129,VZ,-0.097646
65875,20100226,VZ,-0.016655
65875,20100331,VZ,0.072243
65875,20100430,VZ,-0.05303
65875,20100528,VZ,-0.047751
65875,20100630,VZ,0.018169
65875,20100730,VZ,0.123434
65875,20100831,VZ,0.016173
65875,20100930,VZ,0.103623
65875,20101029,VZ,0.011583
65875,20101130,VZ,-0.01447
65875,20101231,VZ,0.117776
65875,20110131,VZ,0.009153
65875,20110228,VZ,0.036496
65875,20110331,VZ,0.043879
65875,20110429,VZ,-0.007071
65875,20110531,VZ,-0.022499
65875,20110630,VZ,0.008123
65875,20110729,VZ,-0.039014
65875,20110831,VZ,0.024795
65875,20110930,VZ,0.017558
65875,20111031,VZ,0.018478
65875,20111130,VZ,0.020281
65875,20111230,VZ,0.063345
65875,20120131,VZ,-0.048853
65875,20120229,VZ,0.011949
65875,20120330,VZ,0.003149
65875,20120430,VZ,0.069317
65875,20120531,VZ,0.031204
65875,20120629,VZ,0.067243
65875,20120731,VZ,0.027003
65875,20120831,VZ,-0.048737
65875,20120928,VZ,0.061248
65875,20121031,VZ,-0.009107
65875,20121130,VZ,-0.011649
65875,20121231,VZ,-0.019266
65875,20130131,VZ,0.01976
65875,20130228,VZ,0.066957
65875,20130328,VZ,0.056308
66093,20000131,T,-0.115513
66093,20000229,T,-0.112245
66093,20000331,T,0.106732
66093,20000428,T,0.046083
66093,20000531,T,-0.002853
66093,20000630,T,-0.010014
66093,20000731,T,-0.010029
66093,20000831,T,-0.01909
66093,20000929,T,0.197605
66093,20001031,T,0.158825
66093,20001130,T,-0.047671
66093,20001229,T,-0.13083
66093,20010131,T,0.01788
66093,20010228,T,-0.013444
66093,20010330,T,-0.064361
66093,20010430,T,-0.069992
66093,20010531,T,0.043636
66093,20010629,T,-0.069454
66093,20010731,T,0.13046
66093,20010831,T,-0.091495
66093,20010928,T,0.151797
66093,20011031,T,-0.185776
66093,20011130,T,-0.019155
66093,20011231,T,0.047886
66093,20020131,T,-0.037369
66093,20020228,T,0.010414
66093,20020328,T,-0.010571
66093,20020430,T,-0.163194
66093,20020531,T,0.103992
66093,20020628,T,-0.110528
66093,20020731,T,-0.084262
66093,20020830,T,-0.105568
66093,20020930,T,-0.187551
66093,20021031,T,0.29005
66093,20021129,T,0.110678
66093,20021231,T,-0.048772
66093,20030131,T,-0.088528
66093,20030228,T,-0.148936
66093,20030331,T,-0.035577
66093,20030430,T,0.181082
66093,20030530,T,0.089897
66093,20030630,T,0.003535
66093,20030731,T,-0.070744
66093,20030829,T,-0.038527
66093,20030930,T,-0.00935
66093,20031031,T,0.094944
66093,20031128,T,-0.029191
66093,20031231,T,0.119845
66093,20040130,T,-0.009877
66093,20040227,T,-0.058431
66093,20040331,T,0.022074
66093,20040430,T,0.027404
66093,20040528,T,-0.048193
66093,20040630,T,0.023207
66093,20040730,T,0.057835
66093,20040831,T,0.017759
66093,20040930,T,0.006204
66093,20041029,T,-0.014547
66093,20041130,T,-0.003563
66093,20041231,T,0.023838
66093,20050131,T,-0.065483
66093,20050228,T,0.012626
66093,20050331,T,-0.015378
66093,20050429,T,0.018257
66093,20050531,T,-0.017647
66093,20050630,T,0.015826
66093,20050729,T,0.043053
66093,20050831,T,-0.015133
66093,20050930,T,-0.004568
66093,20051031,T,0.008448
66093,20051130,T,0.044444
66093,20051230,T,-0.016861
66093,20060131,T,0.073193
66093,20060228,T,0.063198
66093,20060331,T,-0.019935
66093,20060428,T,-0.018399
66093,20060531,T,-0.005723
66093,20060630,T,0.070223
66093,20060731,T,0.087218
66093,20060831,T,0.038013
66093,20060929,T,0.045936
66093,20061031,T,0.062116
66093,20061130,T,-0.009927
66093,20061229,T,0.054261
66093,20070131,T,0.062518
66093,20070228,T,-0.022057
66093,20070330,T,0.071467
66093,20070430,T,-0.009003
66093,20070531,T,0.067665
66093,20070629,T,0.00387
66093,20070731,T,-0.047831
66093,20070831,T,0.018131
66093,20070928,T,0.061199
66093,20071031,T,-0.0039
66093,20071130,T,-0.085666
66093,20071231,T,0.087673
66093,20080131,T,-0.064244
66093,20080229,T,-0.09509
66093,20080331,T,0.099627
66093,20080430,T,0.021149
66093,20080530,T,0.030741
66093,20080630,T,-0.155639
66093,20080731,T,-0.073612
66093,20080829,T,0.038299
66093,20080930,T,-0.127227
66093,20081031,T,-0.026862
66093,20081128,T,0.066866
66093,20081231,T,-0.002101
66093,20090130,T,-0.121754
66093,20090227,T,-0.034525
66093,20090331,T,0.06016
66093,20090430,T,0.032937
66093,20090529,T,-0.032397
66093,20090630,T,0.002017
66093,20090731,T,0.072464
66093,20090831,T,-0.006862
66093,20090930,T,0.036852
66093,20091030,T,-0.034432
66093,20091130,T,0.049474
66093,20091231,T,0.04046
66093,20100129,T,-0.080271
66093,20100226,T,-0.021688
66093,20100331,T,0.041516
66093,20100430,T,0.024768
66093,20100528,T,-0.067536
66093,20100630,T,-0.004527
66093,20100730,T,0.089706
66093,20100831,T,0.04202
66093,20100930,T,0.058084
66093,20101029,T,0.011888
66093,20101130,T,-0.025596
66093,20101231,T,0.057215
66093,20110131,T,-0.048673
66093,20110228,T,0.03125
66093,20110331,T,0.078577
66093,20110429,T,0.030709
66093,20110531,T,0.014139
66093,20110630,T,-0.004753
66093,20110729,T,-0.05476
66093,20110831,T,-0.026658
66093,20110930,T,0.001405
66093,20111031,T,0.042777
66093,20111130,T,-0.011259
66093,20111230,T,0.043478
66093,20120131,T,-0.012897
66093,20120229,T,0.040122
66093,20120330,T,0.020922
66093,20120430,T,0.067883
66093,20120531,T,0.038286
66093,20120629,T,0.043606
66093,20120731,T,0.075715
66093,20120831,T,-0.033755
66093,20120928,T,0.02893
66093,20121031,T,-0.070822
66093,20121130,T,-0.013299
66093,20121231,T,-0.012306
66093,20130131,T,0.045387
66093,20130228,T,0.032193
66093,20130328,T,0.021721
66181,20000131,HD,-0.176364
66181,20000229,HD,0.020971
66181,20000331,HD,0.116368
66181,20000428,HD,-0.124031
66181,20000531,HD,-0.136062
66181,20000630,HD,0.023867
66181,20000731,HD,0.036295
66181,20000831,HD,-0.070483
66181,20000929,HD,0.104031
66181,20001031,HD,-0.189635
66181,20001130,HD,-0.087733
66181,20001229,HD,0.165869
66181,20010131,HD,0.054993
66181,20010228,HD,-0.118257
66181,20010330,HD,0.015059
66181,20010430,HD,0.092807
66181,20010531,HD,0.046497
66181,20010629,HD,-0.054778
66181,20010731,HD,0.082062
66181,20010831,HD,-0.086956
66181,20010928,HD,-0.164962
66181,20011031,HD,-0.003649
66181,20011130,HD,0.221554
66181,20011231,HD,0.093462
66181,20020131,HD,-0.018036
66181,20020228,HD,-0.001797
66181,20020328,HD,-0.0268
66181,20020430,HD,-0.046081
66181,20020531,HD,-0.100927
66181,20020628,HD,-0.117774
66181,20020731,HD,-0.15927
66181,20020830,HD,0.066386
66181,20020930,HD,-0.205891
66181,20021031,HD,0.106513
66181,20021129,HD,-0.085873
66181,20021231,HD,-0.087879
66181,20030131,HD,-0.129892
66181,20030228,HD,0.12201
66181,20030331,HD,0.041365
66181,20030430,HD,0.154762
66181,20030530,HD,0.154995
66181,20030630,HD,0.021237
66181,20030731,HD,-0.057971
66181,20030829,HD,0.030769
66181,20030930,HD,-0.007463
66181,20031031,HD,0.163893
66181,20031128,HD,-0.008363
66181,20031231,HD,-0.032644
66181,20040130,HD,-0.000564
66181,20040227,HD,0.023682
66181,20040331,HD,0.030845
66181,20040430,HD,-0.058084
66181,20040528,HD,0.020745
66181,20040630,HD,-0.017678
66181,20040730,HD,-0.042045
66181,20040831,HD,0.086744
66181,20040930,HD,0.07221
66181,20041029,HD,0.047959
66181,20041130,HD,0.018379
66181,20041231,HD,0.023713
66181,20050131,HD,-0.034628
66181,20050228,HD,-0.030053
66181,20050331,HD,-0.041979
66181,20050429,HD,-0.075052
66181,20050531,HD,0.112525
66181,20050630,HD,-0.008894
66181,20050729,HD,0.118509
66181,20050831,HD,-0.071018
66181,20050930,HD,-0.054067
66181,20051031,HD,0.076036
66181,20051130,HD,0.020468
66181,20051230,HD,-0.031115
66181,20060131,HD,0.001729
66181,20060228,HD,0.039458
66181,20060331,HD,0.007117
66181,20060428,HD,-0.056028
66181,20060531,HD,-0.045329
66181,20060630,HD,-0.057188
66181,20060731,HD,-0.030176
66181,20060831,HD,-0.0121
66181,20060929,HD,0.062117
66181,20061031,HD,0.029225
66181,20061130,HD,0.023172
66181,20061229,HD,0.057677
66181,20070131,HD,0.014442
66181,20070228,HD,-0.028228
66181,20070330,HD,-0.066305
66181,20070430,HD,0.030757
66181,20070531,HD,0.026406
66181,20070629,HD,0.018137
66181,20070731,HD,-0.0554
66181,20070831,HD,0.036723
66181,20070928,HD,-0.153224
66181,20071031,HD,-0.028668
66181,20071130,HD,-0.086481
66181,20071231,HD,-0.056723
66181,20080131,HD,0.137342
66181,20080229,HD,-0.133486
66181,20080331,HD,0.061959
66181,20080430,HD,0.029675
66181,20080530,HD,-0.05
66181,20080630,HD,-0.135782
66181,20080731,HD,0.017506
66181,20080829,HD,0.138061
66181,20080930,HD,-0.037058
66181,20081031,HD,-0.088837
66181,20081128,HD,-0.020348
66181,20081231,HD,0.005842
66181,20090130,HD,-0.064726
66181,20090227,HD,-0.029726
66181,20090331,HD,0.138583
66181,20090430,HD,0.117148
66181,20090529,HD,-0.120061
66181,20090630,HD,0.030009
66181,20090731,HD,0.097757
66181,20090831,HD,0.052043
66181,20090930,HD,-0.015574
66181,20091030,HD,-0.058183
66181,20091130,HD,0.090474
66181,20091231,HD,0.065607
66181,20100129,HD,-0.031801
66181,20100226,HD,0.113888
66181,20100331,HD,0.044431
66181,20100430,HD,0.089026
66181,20100528,HD,-0.038887
66181,20100630,HD,-0.164021
66181,20100730,HD,0.015675
66181,20100831,HD,-0.015915
66181,20100930,HD,0.138749
66181,20101029,HD,-0.024621
66181,20101130,HD,-0.014684
66181,20101231,HD,0.160543
66181,20110131,HD,0.048774
66181,20110228,HD,0.019037
66181,20110331,HD,-0.00427
66181,20110429,HD,0.002428
66181,20110531,HD,-0.023419
66181,20110630,HD,0.005237
66181,20110729,HD,-0.035616
66181,20110831,HD,-0.037217
66181,20110930,HD,-0.015279
66181,20111031,HD,0.089139
66181,20111130,HD,0.103631
66181,20111230,HD,0.071902
66181,20120131,HD,0.055899
66181,20120229,HD,0.071638
66181,20120330,HD,0.063696
66181,20120430,HD,0.029418
66181,20120531,HD,-0.041707
66181,20120629,HD,0.073977
66181,20120731,HD,-0.015286
66181,20120831,HD,0.093139
66181,20120928,HD,0.063789
66181,20121031,HD,0.01673
66181,20121130,HD,0.064842
66181,20121231,HD,-0.049485
66181,20130131,HD,0.081973
66181,20130228,HD,0.02361
66181,20130328,HD,0.02438
66800,20000131,AIG,-0.034682
66800,20000229,AIG,-0.152695
66800,20000331,AIG,0.238728
66800,20000428,AIG,0.001712
66800,20000531,AIG,0.026667
66800,20000630,AIG,0.043865
66800,20000731,AIG,0.119415
66800,20000831,AIG,0.016815
66800,20000929,AIG,0.073633
66800,20001031,AIG,0.024167
66800,20001130,AIG,-0.010464
66800,20001229,AIG,0.016763
66800,20010131,AIG,-0.1374
66800,20010228,AIG,-0.037438
66800,20010330,AIG,-0.015892
66800,20010430,AIG,0.016149
66800,20010531,AIG,-0.009328
66800,20010629,AIG,0.049506
66800,20010731,AIG,-0.020703
66800,20010831,AIG,-0.060156
66800,20010928,AIG,-0.002558
66800,20011031,AIG,0.007692
66800,20011130,AIG,0.048346
66800,20011231,AIG,-0.035898
66800,20020131,AIG,-0.066121
66800,20020228,AIG,-0.001861
66800,20020328,AIG,-0.02474
66800,20020430,AIG,-0.041863
66800,20020531,AIG,-0.031105
66800,20020628,AIG,0.019442
66800,20020731,AIG,-0.063169
66800,20020830,AIG,-0.017522
66800,20020930,AIG,-0.128232
66800,20021031,AIG,0.14351
66800,20021129,AIG,0.041567
66800,20021231,AIG,-0.111328
66800,20030131,AIG,-0.064477
66800,20030228,AIG,-0.089246
66800,20030331,AIG,0.0042
66800,20030430,AIG,0.171891
66800,20030530,AIG,-0.001208
66800,20030630,AIG,-0.045836
66800,20030731,AIG,0.163465
66800,20030829,AIG,-0.072118
66800,20030930,AIG,-0.0303
66800,20031031,AIG,0.054246
66800,20031128,AIG,-0.047345
66800,20031231,AIG,0.144866
66800,20040130,AIG,0.047827
66800,20040227,AIG,0.065515
66800,20040331,AIG,-0.034932
66800,20040430,AIG,0.004205
66800,20040528,AIG,0.023029
66800,20040630,AIG,-0.026671
66800,20040730,AIG,-0.008838
66800,20040831,AIG,0.008351
66800,20040930,AIG,-0.044568
66800,20041029,AIG,-0.107075
66800,20041130,AIG,0.043485
66800,20041231,AIG,0.037806
66800,20050131,AIG,0.009441
66800,20050228,AIG,0.007694
66800,20050331,AIG,-0.168638
66800,20050429,AIG,-0.082296
66800,20050531,AIG,0.092429
66800,20050630,AIG,0.048155
66800,20050729,AIG,0.036145
66800,20050831,AIG,-0.01412
66800,20050930,AIG,0.046622
66800,20051031,AIG,0.045836
66800,20051130,AIG,0.038426
66800,20051230,AIG,0.016235
66800,20060131,AIG,-0.040598
66800,20060228,AIG,0.013749
66800,20060331,AIG,-0.001808
66800,20060428,AIG,-0.01271
66800,20060531,AIG,-0.0659
66800,20060630,AIG,-0.028783
66800,20060731,AIG,0.027434
66800,20060831,AIG,0.05464
66800,20060929,AIG,0.038233
66800,20061031,AIG,0.013734
66800,20061130,AIG,0.049352
66800,20061229,AIG,0.019056
66800,20070131,AIG,-0.044795
66800,20070228,AIG,-0.017166
66800,20070330,AIG,0.001639
66800,20070430,AIG,0.040018
66800,20070531,AIG,0.037119
66800,20070629,AIG,-0.031933
66800,20070731,AIG,-0.083536
66800,20070831,AIG,0.028358
66800,20070928,AIG,0.02803
66800,20071031,AIG,-0.066962
66800,20071130,AIG,-0.079056
66800,20071231,AIG,0.006365
66800,20080131,AIG,-0.057118
66800,20080229,AIG,-0.147535
66800,20080331,AIG,-0.07277
66800,20080430,AIG,0.068208
66800,20080530,AIG,-0.220779
66800,20080630,AIG,-0.259444
66800,20080731,AIG,-0.015495
66800,20080829,AIG,-0.175048
66800,20080930,AIG,-0.834807
66800,20081031,AIG,-0.426426
66800,20081128,AIG,0.052356
66800,20081231,AIG,-0.218905
66800,20090130,AIG,-0.184713
66800,20090227,AIG,-0.671875
66800,20090331,AIG,1.380952
66800,20090430,AIG,0.38
66800,20090529,AIG,0.224638
66800,20090630,AIG,-0.31361
66800,20090731,AIG,-0.433621
66800,20090831,AIG,2.449772
66800,20090930,AIG,-0.026914
66800,20091030,AIG,-0.237815
66800,20091130,AIG,-0.155265
66800,20091231,AIG,0.055634
66800,20100129,AIG,-0.191795
66800,20100226,AIG,0.022286
66800,20100331,AIG,0.37828
66800,20100430,AIG,0.139426
66800,20100528,AIG,-0.090488
66800,20100630,AIG,-0.026569
66800,20100730,AIG,0.117015
66800,20100831,AIG,-0.118014
66800,20100930,AIG,0.152372
66800,20101029,AIG,0.074425
66800,20101130,AIG,-0.017139
66800,20101231,AIG,0.395495
66800,20110131,AIG,-0.163168
66800,20110228,AIG,-0.081536
66800,20110331,AIG,-0.051808
66800,20110429,AIG,-0.113546
66800,20110531,AIG,-0.085072
66800,20110630,AIG,0.028772
66800,20110729,AIG,-0.021146
66800,20110831,AIG,-0.117422
66800,20110930,AIG,-0.133439
66800,20111031,AIG,0.124829
66800,20111130,AIG,-0.055893
66800,20111230,AIG,-0.004719
66800,20120131,AIG,0.082328
66800,20120229,AIG,0.16368
66800,20120330,AIG,0.055099
66800,20120430,AIG,0.103795
66800,20120531,AIG,-0.142521
66800,20120629,AIG,0.099726
66800,20120731,AIG,-0.025553
66800,20120831,AIG,0.097857
66800,20120928,AIG,-0.044859
66800,20121031,AIG,0.065264
66800,20121130,AIG,-0.051532
66800,20121231,AIG,0.065499
66800,20130131,AIG,0.071671
66800,20130228,AIG,0.004758
66800,20130328,AIG,0.02131
